"key","idx","date","home","away","label","t_start","t_end","clip_folder","clip_folder_path","proxy_exists","transforms_exists","stabilized_exists","branded_exists","branded_brand","branded_post","branded_paths","proxy_path","transforms_path","stabilized_path"
"001|2025-10-04|TSC|FC_Tulsa_Black|DRIBBLING|t387.00|t412.00","001","2025-10-04","TSC","FC_Tulsa_Black","DRIBBLING","t387.00","t412.00","001__2025-10-04__TSC_vs_FC_Tulsa_Black__DRIBBLING__t387.00-t412.00_portrait_FINAL","C:\Users\scott\soccer-video\out\autoframe_work\cinematic\001__2025-10-04__TSC_vs_FC_Tulsa_Black__DRIBBLING__t387.00-t412.00_portrait_FINAL","True","True","True","False","False","False","","C:\Users\scott\soccer-video\out\autoframe_work\cinematic\001__2025-10-04__TSC_vs_FC_Tulsa_Black__DRIBBLING__t387.00-t412.00_portrait_FINAL\proxy.mp4","C:\Users\scott\soccer-video\out\autoframe_work\cinematic\001__2025-10-04__TSC_vs_FC_Tulsa_Black__DRIBBLING__t387.00-t412.00_portrait_FINAL\follow\transforms.trf","C:\Users\scott\soccer-video\out\autoframe_work\cinematic\001__2025-10-04__TSC_vs_FC_Tulsa_Black__DRIBBLING__t387.00-t412.00_portrait_FINAL\follow\stabilized.mp4"
"002||||GOAL|t180.80|t191.20","002","","","","GOAL","t180.80","t191.20",,,"False","False","False","True","True","True","C:\Users\scott\soccer-video\out\portrait_reels\branded\002__GOAL__t180.80-t191.20_portrait_BRAND.mp4;C:\Users\scott\soccer-video\out\portrait_reels\branded\002__GOAL__t180.80-t191.20_portrait_POST.mp4",,,
"002|2025-10-04|TSC|FC_Tulsa_Black|BUILD_UP|t421.00|t449.00","002","2025-10-04","TSC","FC_Tulsa_Black","BUILD_UP","t421.00","t449.00","002__2025-10-04__TSC_vs_FC_Tulsa_Black__BUILD_UP__t421.00-t449.00_portrait_FINAL","C:\Users\scott\soccer-video\out\autoframe_work\cinematic\002__2025-10-04__TSC_vs_FC_Tulsa_Black__BUILD_UP__t421.00-t449.00_portrait_FINAL","True","True","True","False","False","False","","C:\Users\scott\soccer-video\out\autoframe_work\cinematic\002__2025-10-04__TSC_vs_FC_Tulsa_Black__BUILD_UP__t421.00-t449.00_portrait_FINAL\proxy.mp4","C:\Users\scott\soccer-video\out\autoframe_work\cinematic\002__2025-10-04__TSC_vs_FC_Tulsa_Black__BUILD_UP__t421.00-t449.00_portrait_FINAL\follow\transforms.trf","C:\Users\scott\soccer-video\out\autoframe_work\cinematic\002__2025-10-04__TSC_vs_FC_Tulsa_Black__BUILD_UP__t421.00-t449.00_portrait_FINAL\follow\stabilized.mp4"
"003|2025-09-13|TSC|NEOFC|BUILD_UP|t224.80|t248.70","003","2025-09-13","TSC","NEOFC","BUILD_UP","t224.80","t248.70","003__2025-09-13__TSC_vs_NEOFC__BUILD_UP__t224.80-t248.70.__DEBUG_FINAL_portrait_FINAL","C:\Users\scott\soccer-video\out\autoframe_work\cinematic\003__2025-09-13__TSC_vs_NEOFC__BUILD_UP__t224.80-t248.70.__DEBUG_FINAL_portrait_FINAL","True","True","True","False","False","False","","C:\Users\scott\soccer-video\out\autoframe_work\cinematic\003__2025-09-13__TSC_vs_NEOFC__BUILD_UP__t224.80-t248.70.__DEBUG_FINAL_portrait_FINAL\proxy.mp4","C:\Users\scott\soccer-video\out\autoframe_work\cinematic\003__2025-09-13__TSC_vs_NEOFC__BUILD_UP__t224.80-t248.70.__DEBUG_FINAL_portrait_FINAL\follow\transforms.trf","C:\Users\scott\soccer-video\out\autoframe_work\cinematic\003__2025-09-13__TSC_vs_NEOFC__BUILD_UP__t224.80-t248.70.__DEBUG_FINAL_portrait_FINAL\follow\stabilized.mp4"
"003|2025-10-04|TSC|FC_Tulsa_Black|BUILD_UP|t458.00|t487.00","003","2025-10-04","TSC","FC_Tulsa_Black","BUILD_UP","t458.00","t487.00","003__2025-10-04__TSC_vs_FC_Tulsa_Black__BUILD_UP__t458.00-t487.00_portrait_FINAL","C:\Users\scott\soccer-video\out\autoframe_work\cinematic\003__2025-10-04__TSC_vs_FC_Tulsa_Black__BUILD_UP__t458.00-t487.00_portrait_FINAL","True","True","True","False","False","False","","C:\Users\scott\soccer-video\out\autoframe_work\cinematic\003__2025-10-04__TSC_vs_FC_Tulsa_Black__BUILD_UP__t458.00-t487.00_portrait_FINAL\proxy.mp4","C:\Users\scott\soccer-video\out\autoframe_work\cinematic\003__2025-10-04__TSC_vs_FC_Tulsa_Black__BUILD_UP__t458.00-t487.00_portrait_FINAL\follow\transforms.trf","C:\Users\scott\soccer-video\out\autoframe_work\cinematic\003__2025-10-04__TSC_vs_FC_Tulsa_Black__BUILD_UP__t458.00-t487.00_portrait_FINAL\follow\stabilized.mp4"
"004||||GOAL|t266.50|t283.10","004","","","","GOAL","t266.50","t283.10",,,"False","False","False","True","True","True","C:\Users\scott\soccer-video\out\portrait_reels\branded\004__GOAL__t266.50-t283.10_portrait_BRAND.mp4;C:\Users\scott\soccer-video\out\portrait_reels\branded\004__GOAL__t266.50-t283.10_portrait_POST.mp4",,,
"004|2025-10-04|TSC|FC_Tulsa_Black|BUILD_UP|t495.00|t513.00","004","2025-10-04","TSC","FC_Tulsa_Black","BUILD_UP","t495.00","t513.00","004__2025-10-04__TSC_vs_FC_Tulsa_Black__BUILD_UP__t495.00-t513.00_portrait_FINAL","C:\Users\scott\soccer-video\out\autoframe_work\cinematic\004__2025-10-04__TSC_vs_FC_Tulsa_Black__BUILD_UP__t495.00-t513.00_portrait_FINAL","True","True","True","False","False","False","","C:\Users\scott\soccer-video\out\autoframe_work\cinematic\004__2025-10-04__TSC_vs_FC_Tulsa_Black__BUILD_UP__t495.00-t513.00_portrait_FINAL\proxy.mp4","C:\Users\scott\soccer-video\out\autoframe_work\cinematic\004__2025-10-04__TSC_vs_FC_Tulsa_Black__BUILD_UP__t495.00-t513.00_portrait_FINAL\follow\transforms.trf","C:\Users\scott\soccer-video\out\autoframe_work\cinematic\004__2025-10-04__TSC_vs_FC_Tulsa_Black__BUILD_UP__t495.00-t513.00_portrait_FINAL\follow\stabilized.mp4"
"005||||CORNER|t417.90|t431.60","005","","","","CORNER","t417.90","t431.60",,,"False","False","False","True","True","True","C:\Users\scott\soccer-video\out\portrait_reels\branded\005__CORNER__t417.90-t431.60_portrait_BRAND.mp4;C:\Users\scott\soccer-video\out\portrait_reels\branded\005__CORNER__t417.90-t431.60_portrait_POST.mp4",,,
"005|2025-10-04|TSC|FC_Tulsa_Black|SHOT|t600.00|t607.00","005","2025-10-04","TSC","FC_Tulsa_Black","SHOT","t600.00","t607.00","005__2025-10-04__TSC_vs_FC_Tulsa_Black__SHOT__t600.00-t607.00_portrait_FINAL","C:\Users\scott\soccer-video\out\autoframe_work\cinematic\005__2025-10-04__TSC_vs_FC_Tulsa_Black__SHOT__t600.00-t607.00_portrait_FINAL","True","True","True","False","False","False","","C:\Users\scott\soccer-video\out\autoframe_work\cinematic\005__2025-10-04__TSC_vs_FC_Tulsa_Black__SHOT__t600.00-t607.00_portrait_FINAL\proxy.mp4","C:\Users\scott\soccer-video\out\autoframe_work\cinematic\005__2025-10-04__TSC_vs_FC_Tulsa_Black__SHOT__t600.00-t607.00_portrait_FINAL\follow\transforms.trf","C:\Users\scott\soccer-video\out\autoframe_work\cinematic\005__2025-10-04__TSC_vs_FC_Tulsa_Black__SHOT__t600.00-t607.00_portrait_FINAL\follow\stabilized.mp4"
"006|2025-09-20|TSC|RVFC|SHOT|t517.00|t528.00","006","2025-09-20","TSC","RVFC","SHOT","t517.00","t528.00",,,"False","False","False","True","False","True","C:\Users\scott\soccer-video\out\portrait_reels\branded\006__2025-09-20__TSC_vs_RVFC__SHOT__t517.00-t528.00_portrait_POST.mp4",,,
"006|2025-10-04|TSC|FC_Tulsa_Black|BUILD_UP_GOAL|t674.00|t717.00","006","2025-10-04","TSC","FC_Tulsa_Black","BUILD_UP_GOAL","t674.00","t717.00","006__2025-10-04__TSC_vs_FC_Tulsa_Black__BUILD_UP_GOAL__t674.00-t717.00_portrait_FINAL","C:\Users\scott\soccer-video\out\autoframe_work\cinematic\006__2025-10-04__TSC_vs_FC_Tulsa_Black__BUILD_UP_GOAL__t674.00-t717.00_portrait_FINAL","True","True","True","False","False","False","","C:\Users\scott\soccer-video\out\autoframe_work\cinematic\006__2025-10-04__TSC_vs_FC_Tulsa_Black__BUILD_UP_GOAL__t674.00-t717.00_portrait_FINAL\proxy.mp4","C:\Users\scott\soccer-video\out\autoframe_work\cinematic\006__2025-10-04__TSC_vs_FC_Tulsa_Black__BUILD_UP_GOAL__t674.00-t717.00_portrait_FINAL\follow\transforms.trf","C:\Users\scott\soccer-video\out\autoframe_work\cinematic\006__2025-10-04__TSC_vs_FC_Tulsa_Black__BUILD_UP_GOAL__t674.00-t717.00_portrait_FINAL\follow\stabilized.mp4"
"006||||DEFENSE|t699.30|t711.50","006","","","","DEFENSE","t699.30","t711.50",,,"False","False","False","True","True","True","C:\Users\scott\soccer-video\out\portrait_reels\branded\006__DEFENSE__t699.30-t711.50_portrait_BRAND.mp4;C:\Users\scott\soccer-video\out\portrait_reels\branded\006__DEFENSE__t699.30-t711.50_portrait_POST.mp4",,,
"007|2025-10-04|TSC|FC_Tulsa_Black|BUILD_UP_SHOT|t767.00|t785.00","007","2025-10-04","TSC","FC_Tulsa_Black","BUILD_UP_SHOT","t767.00","t785.00","007__2025-10-04__TSC_vs_FC_Tulsa_Black__BUILD_UP_SHOT__t767.00-t785.00_portrait_FINAL","C:\Users\scott\soccer-video\out\autoframe_work\cinematic\007__2025-10-04__TSC_vs_FC_Tulsa_Black__BUILD_UP_SHOT__t767.00-t785.00_portrait_FINAL","True","True","True","False","False","False","","C:\Users\scott\soccer-video\out\autoframe_work\cinematic\007__2025-10-04__TSC_vs_FC_Tulsa_Black__BUILD_UP_SHOT__t767.00-t785.00_portrait_FINAL\proxy.mp4","C:\Users\scott\soccer-video\out\autoframe_work\cinematic\007__2025-10-04__TSC_vs_FC_Tulsa_Black__BUILD_UP_SHOT__t767.00-t785.00_portrait_FINAL\follow\transforms.trf","C:\Users\scott\soccer-video\out\autoframe_work\cinematic\007__2025-10-04__TSC_vs_FC_Tulsa_Black__BUILD_UP_SHOT__t767.00-t785.00_portrait_FINAL\follow\stabilized.mp4"
"007|2025-09-13|TSC|NEOFC|DRIBBLING|t982.00|t987.90","007","2025-09-13","TSC","NEOFC","DRIBBLING","t982.00","t987.90",,,"False","False","False","True","False","True","C:\Users\scott\soccer-video\out\portrait_reels\branded\007__2025-09-13__TSC_vs_NEOFC__DRIBBLING__t982.00-t987.90_portrait_POST.mp4",,,
"007||||DRIBBLING|t982.00|t987.90","007","","","","DRIBBLING","t982.00","t987.90",,,"False","False","False","True","True","True","C:\Users\scott\soccer-video\out\portrait_reels\branded\007__DRIBBLING__t982.00-t987.90_portrait_BRAND.mp4;C:\Users\scott\soccer-video\out\portrait_reels\branded\007__DRIBBLING__t982.00-t987.90_portrait_POST.mp4",,,
"008|2025-10-04|TSC|FC_Tulsa_Black|BUILD_UP_SHOT|t1025.00|t1040.00","008","2025-10-04","TSC","FC_Tulsa_Black","BUILD_UP_SHOT","t1025.00","t1040.00","008__2025-10-04__TSC_vs_FC_Tulsa_Black__BUILD_UP_SHOT__t1025.00-t1040.00_portrait_FINAL","C:\Users\scott\soccer-video\out\autoframe_work\cinematic\008__2025-10-04__TSC_vs_FC_Tulsa_Black__BUILD_UP_SHOT__t1025.00-t1040.00_portrait_FINAL","True","True","True","False","False","False","","C:\Users\scott\soccer-video\out\autoframe_work\cinematic\008__2025-10-04__TSC_vs_FC_Tulsa_Black__BUILD_UP_SHOT__t1025.00-t1040.00_portrait_FINAL\proxy.mp4","C:\Users\scott\soccer-video\out\autoframe_work\cinematic\008__2025-10-04__TSC_vs_FC_Tulsa_Black__BUILD_UP_SHOT__t1025.00-t1040.00_portrait_FINAL\follow\transforms.trf","C:\Users\scott\soccer-video\out\autoframe_work\cinematic\008__2025-10-04__TSC_vs_FC_Tulsa_Black__BUILD_UP_SHOT__t1025.00-t1040.00_portrait_FINAL\follow\stabilized.mp4"
"008||||SHOT|t1247.80|t1259.20","008","","","","SHOT","t1247.80","t1259.20",,,"False","False","False","True","True","True","C:\Users\scott\soccer-video\out\portrait_reels\branded\008__SHOT__t1247.80-t1259.20_portrait_BRAND.mp4;C:\Users\scott\soccer-video\out\portrait_reels\branded\008__SHOT__t1247.80-t1259.20_portrait_POST.mp4",,,
"008|2025-09-13|TSC|NEOFC|SHOT|t1247.80|t1259.20","008","2025-09-13","TSC","NEOFC","SHOT","t1247.80","t1259.20",,,"False","False","False","True","False","True","C:\Users\scott\soccer-video\out\portrait_reels\branded\008__2025-09-13__TSC_vs_NEOFC__SHOT__t1247.80-t1259.20_portrait_POST.mp4",,,
"009|2025-10-04|TSC|FC_Tulsa_Black|PRESSURE_SHOT|t1046.00|t1057.00","009","2025-10-04","TSC","FC_Tulsa_Black","PRESSURE_SHOT","t1046.00","t1057.00","009__2025-10-04__TSC_vs_FC_Tulsa_Black__PRESSURE_SHOT__t1046.00-t1057.00_portrait_FINAL","C:\Users\scott\soccer-video\out\autoframe_work\cinematic\009__2025-10-04__TSC_vs_FC_Tulsa_Black__PRESSURE_SHOT__t1046.00-t1057.00_portrait_FINAL","True","True","True","False","False","False","","C:\Users\scott\soccer-video\out\autoframe_work\cinematic\009__2025-10-04__TSC_vs_FC_Tulsa_Black__PRESSURE_SHOT__t1046.00-t1057.00_portrait_FINAL\proxy.mp4","C:\Users\scott\soccer-video\out\autoframe_work\cinematic\009__2025-10-04__TSC_vs_FC_Tulsa_Black__PRESSURE_SHOT__t1046.00-t1057.00_portrait_FINAL\follow\transforms.trf","C:\Users\scott\soccer-video\out\autoframe_work\cinematic\009__2025-10-04__TSC_vs_FC_Tulsa_Black__PRESSURE_SHOT__t1046.00-t1057.00_portrait_FINAL\follow\stabilized.mp4"
"009||||SHOT|t1420.40|t1438.20","009","","","","SHOT","t1420.40","t1438.20",,,"False","False","False","True","True","True","C:\Users\scott\soccer-video\out\portrait_reels\branded\009__SHOT__t1420.40-t1438.20_portrait_BRAND.mp4;C:\Users\scott\soccer-video\out\portrait_reels\branded\009__SHOT__t1420.40-t1438.20_portrait_POST.mp4",,,
"009|2025-09-13|TSC|NEOFC|SHOT|t1420.40|t1438.20","009","2025-09-13","TSC","NEOFC","SHOT","t1420.40","t1438.20",,,"False","False","False","True","False","True","C:\Users\scott\soccer-video\out\portrait_reels\branded\009__2025-09-13__TSC_vs_NEOFC__SHOT__t1420.40-t1438.20_portrait_POST.mp4",,,
"010|2025-10-04|TSC|FC_Tulsa_Black|BUILD_UP_SHOT|t1058.00|t1080.00","010","2025-10-04","TSC","FC_Tulsa_Black","BUILD_UP_SHOT","t1058.00","t1080.00","010__2025-10-04__TSC_vs_FC_Tulsa_Black__BUILD_UP_SHOT__t1058.00-t1080.00_portrait_FINAL","C:\Users\scott\soccer-video\out\autoframe_work\cinematic\010__2025-10-04__TSC_vs_FC_Tulsa_Black__BUILD_UP_SHOT__t1058.00-t1080.00_portrait_FINAL","True","True","True","False","False","False","","C:\Users\scott\soccer-video\out\autoframe_work\cinematic\010__2025-10-04__TSC_vs_FC_Tulsa_Black__BUILD_UP_SHOT__t1058.00-t1080.00_portrait_FINAL\proxy.mp4","C:\Users\scott\soccer-video\out\autoframe_work\cinematic\010__2025-10-04__TSC_vs_FC_Tulsa_Black__BUILD_UP_SHOT__t1058.00-t1080.00_portrait_FINAL\follow\transforms.trf","C:\Users\scott\soccer-video\out\autoframe_work\cinematic\010__2025-10-04__TSC_vs_FC_Tulsa_Black__BUILD_UP_SHOT__t1058.00-t1080.00_portrait_FINAL\follow\stabilized.mp4"
"010||||CROSS|t1541.10|t1547.90","010","","","","CROSS","t1541.10","t1547.90",,,"False","False","False","True","True","True","C:\Users\scott\soccer-video\out\portrait_reels\branded\010__CROSS__t1541.10-t1547.90_portrait_BRAND.mp4;C:\Users\scott\soccer-video\out\portrait_reels\branded\010__CROSS__t1541.10-t1547.90_portrait_POST.mp4",,,
"010|2025-09-13|TSC|NEOFC|CROSS|t1541.10|t1547.90","010","2025-09-13","TSC","NEOFC","CROSS","t1541.10","t1547.90",,,"False","False","False","True","False","True","C:\Users\scott\soccer-video\out\portrait_reels\branded\010__2025-09-13__TSC_vs_NEOFC__CROSS__t1541.10-t1547.90_portrait_POST.mp4",,,
"011|2025-10-04|TSC|FC_Tulsa_Black|BUILD_UP_SHOT|t1198.00|t1222.00","011","2025-10-04","TSC","FC_Tulsa_Black","BUILD_UP_SHOT","t1198.00","t1222.00","011__2025-10-04__TSC_vs_FC_Tulsa_Black__BUILD_UP_SHOT__t1198.00-t1222.00_portrait_FINAL","C:\Users\scott\soccer-video\out\autoframe_work\cinematic\011__2025-10-04__TSC_vs_FC_Tulsa_Black__BUILD_UP_SHOT__t1198.00-t1222.00_portrait_FINAL","True","True","True","False","False","False","","C:\Users\scott\soccer-video\out\autoframe_work\cinematic\011__2025-10-04__TSC_vs_FC_Tulsa_Black__BUILD_UP_SHOT__t1198.00-t1222.00_portrait_FINAL\proxy.mp4","C:\Users\scott\soccer-video\out\autoframe_work\cinematic\011__2025-10-04__TSC_vs_FC_Tulsa_Black__BUILD_UP_SHOT__t1198.00-t1222.00_portrait_FINAL\follow\transforms.trf","C:\Users\scott\soccer-video\out\autoframe_work\cinematic\011__2025-10-04__TSC_vs_FC_Tulsa_Black__BUILD_UP_SHOT__t1198.00-t1222.00_portrait_FINAL\follow\stabilized.mp4"
"011||||SHOTS|t1655.00|t1670.30","011","","","","SHOTS","t1655.00","t1670.30",,,"False","False","False","True","True","True","C:\Users\scott\soccer-video\out\portrait_reels\branded\011__SHOTS__t1655.00-t1670.30_portrait_BRAND.mp4;C:\Users\scott\soccer-video\out\portrait_reels\branded\011__SHOTS__t1655.00-t1670.30_portrait_POST.mp4",,,
"011|2025-09-13|TSC|NEOFC|SHOTS|t1655.00|t1670.30","011","2025-09-13","TSC","NEOFC","SHOTS","t1655.00","t1670.30",,,"False","False","False","True","False","True","C:\Users\scott\soccer-video\out\portrait_reels\branded\011__2025-09-13__TSC_vs_NEOFC__SHOTS__t1655.00-t1670.30_portrait_POST.mp4",,,
"011|2025-09-20|TSC|Greenwood|GOAL|t902.00|t913.00","011","2025-09-20","TSC","Greenwood","GOAL","t902.00","t913.00",,,"False","False","False","True","False","True","C:\Users\scott\soccer-video\out\portrait_reels\branded\011__2025-09-20__TSC_vs_Greenwood__GOAL__t902.00-t913.00_portrait_POST.mp4",,,
"012|2025-10-04|TSC|FC_Tulsa_Black|PRESSURE_GOAL|t1239.00|t1253.00","012","2025-10-04","TSC","FC_Tulsa_Black","PRESSURE_GOAL","t1239.00","t1253.00","012__2025-10-04__TSC_vs_FC_Tulsa_Black__PRESSURE_GOAL__t1239.00-t1253.00_portrait_FINAL","C:\Users\scott\soccer-video\out\autoframe_work\cinematic\012__2025-10-04__TSC_vs_FC_Tulsa_Black__PRESSURE_GOAL__t1239.00-t1253.00_portrait_FINAL","True","True","True","False","False","False","","C:\Users\scott\soccer-video\out\autoframe_work\cinematic\012__2025-10-04__TSC_vs_FC_Tulsa_Black__PRESSURE_GOAL__t1239.00-t1253.00_portrait_FINAL\proxy.mp4","C:\Users\scott\soccer-video\out\autoframe_work\cinematic\012__2025-10-04__TSC_vs_FC_Tulsa_Black__PRESSURE_GOAL__t1239.00-t1253.00_portrait_FINAL\follow\transforms.trf","C:\Users\scott\soccer-video\out\autoframe_work\cinematic\012__2025-10-04__TSC_vs_FC_Tulsa_Black__PRESSURE_GOAL__t1239.00-t1253.00_portrait_FINAL\follow\stabilized.mp4"
"012||||GOAL|t1705.20|t1708.50","012","","","","GOAL","t1705.20","t1708.50",,,"False","False","False","True","True","True","C:\Users\scott\soccer-video\out\portrait_reels\branded\012__GOAL__t1705.20-t1708.50_portrait_BRAND.mp4;C:\Users\scott\soccer-video\out\portrait_reels\branded\012__GOAL__t1705.20-t1708.50_portrait_POST.mp4",,,
"012|2025-09-13|TSC|NEOFC|GOAL|t1705.20|t1708.50","012","2025-09-13","TSC","NEOFC","GOAL","t1705.20","t1708.50",,,"False","False","False","True","False","True","C:\Users\scott\soccer-video\out\portrait_reels\branded\012__2025-09-13__TSC_vs_NEOFC__GOAL__t1705.20-t1708.50_portrait_POST.mp4",,,
"013|2025-10-04|TSC|FC_Tulsa_Black|BUILD_UP_PLAY|t1290.00|t1306.00","013","2025-10-04","TSC","FC_Tulsa_Black","BUILD_UP_PLAY","t1290.00","t1306.00","013__2025-10-04__TSC_vs_FC_Tulsa_Black__BUILD_UP_PLAY__t1290.00-t1306.00_portrait_FINAL","C:\Users\scott\soccer-video\out\autoframe_work\cinematic\013__2025-10-04__TSC_vs_FC_Tulsa_Black__BUILD_UP_PLAY__t1290.00-t1306.00_portrait_FINAL","True","True","True","False","False","False","","C:\Users\scott\soccer-video\out\autoframe_work\cinematic\013__2025-10-04__TSC_vs_FC_Tulsa_Black__BUILD_UP_PLAY__t1290.00-t1306.00_portrait_FINAL\proxy.mp4","C:\Users\scott\soccer-video\out\autoframe_work\cinematic\013__2025-10-04__TSC_vs_FC_Tulsa_Black__BUILD_UP_PLAY__t1290.00-t1306.00_portrait_FINAL\follow\transforms.trf","C:\Users\scott\soccer-video\out\autoframe_work\cinematic\013__2025-10-04__TSC_vs_FC_Tulsa_Black__BUILD_UP_PLAY__t1290.00-t1306.00_portrait_FINAL\follow\stabilized.mp4"
"013|2025-09-13|TSC|NEOFC|GOAL|t1767.50|t1772.60","013","2025-09-13","TSC","NEOFC","GOAL","t1767.50","t1772.60",,,"False","False","False","True","False","True","C:\Users\scott\soccer-video\out\portrait_reels\branded\013__2025-09-13__TSC_vs_NEOFC__GOAL__t1767.50-t1772.60_portrait_POST.mp4",,,
"013||||GOAL|t1767.50|t1772.60","013","","","","GOAL","t1767.50","t1772.60",,,"False","False","False","True","True","True","C:\Users\scott\soccer-video\out\portrait_reels\branded\013__GOAL__t1767.50-t1772.60_portrait_BRAND.mp4;C:\Users\scott\soccer-video\out\portrait_reels\branded\013__GOAL__t1767.50-t1772.60_portrait_POST.mp4",,,
"014|2025-10-04|TSC|FC_Tulsa_Black|SHOT|t1626.00|t1637.00","014","2025-10-04","TSC","FC_Tulsa_Black","SHOT","t1626.00","t1637.00","014__2025-10-04__TSC_vs_FC_Tulsa_Black__SHOT__t1626.00-t1637.00_portrait_FINAL","C:\Users\scott\soccer-video\out\autoframe_work\cinematic\014__2025-10-04__TSC_vs_FC_Tulsa_Black__SHOT__t1626.00-t1637.00_portrait_FINAL","True","True","True","False","False","False","","C:\Users\scott\soccer-video\out\autoframe_work\cinematic\014__2025-10-04__TSC_vs_FC_Tulsa_Black__SHOT__t1626.00-t1637.00_portrait_FINAL\proxy.mp4","C:\Users\scott\soccer-video\out\autoframe_work\cinematic\014__2025-10-04__TSC_vs_FC_Tulsa_Black__SHOT__t1626.00-t1637.00_portrait_FINAL\follow\transforms.trf","C:\Users\scott\soccer-video\out\autoframe_work\cinematic\014__2025-10-04__TSC_vs_FC_Tulsa_Black__SHOT__t1626.00-t1637.00_portrait_FINAL\follow\stabilized.mp4"
"014|2025-09-13|TSC|NEOFC|GOAL|t1904.20|t1925.20","014","2025-09-13","TSC","NEOFC","GOAL","t1904.20","t1925.20",,,"False","False","False","True","False","True","C:\Users\scott\soccer-video\out\portrait_reels\branded\014__2025-09-13__TSC_vs_NEOFC__GOAL__t1904.20-t1925.20_portrait_POST.mp4",,,
"014||||GOAL|t1904.20|t1925.20","014","","","","GOAL","t1904.20","t1925.20",,,"False","False","False","True","True","True","C:\Users\scott\soccer-video\out\portrait_reels\branded\014__GOAL__t1904.20-t1925.20_portrait_BRAND.mp4;C:\Users\scott\soccer-video\out\portrait_reels\branded\014__GOAL__t1904.20-t1925.20_portrait_POST.mp4",,,
"015|2025-09-20|TSC|Greenwood|SHOT|t1081.00|t1088.00","015","2025-09-20","TSC","Greenwood","SHOT","t1081.00","t1088.00",,,"False","False","False","True","False","True","C:\Users\scott\soccer-video\out\portrait_reels\branded\015__2025-09-20__TSC_vs_Greenwood__SHOT__t1081.00-t1088.00_portrait_POST.mp4",,,
"015|2025-10-04|TSC|FC_Tulsa_Black|BUILD_UP_SHOT|t1705.00|t1721.00","015","2025-10-04","TSC","FC_Tulsa_Black","BUILD_UP_SHOT","t1705.00","t1721.00","015__2025-10-04__TSC_vs_FC_Tulsa_Black__BUILD_UP_SHOT__t1705.00-t1721.00_portrait_FINAL","C:\Users\scott\soccer-video\out\autoframe_work\cinematic\015__2025-10-04__TSC_vs_FC_Tulsa_Black__BUILD_UP_SHOT__t1705.00-t1721.00_portrait_FINAL","True","True","True","False","False","False","","C:\Users\scott\soccer-video\out\autoframe_work\cinematic\015__2025-10-04__TSC_vs_FC_Tulsa_Black__BUILD_UP_SHOT__t1705.00-t1721.00_portrait_FINAL\proxy.mp4","C:\Users\scott\soccer-video\out\autoframe_work\cinematic\015__2025-10-04__TSC_vs_FC_Tulsa_Black__BUILD_UP_SHOT__t1705.00-t1721.00_portrait_FINAL\follow\transforms.trf","C:\Users\scott\soccer-video\out\autoframe_work\cinematic\015__2025-10-04__TSC_vs_FC_Tulsa_Black__BUILD_UP_SHOT__t1705.00-t1721.00_portrait_FINAL\follow\stabilized.mp4"
"015|2025-09-13|TSC|NEOFC|DRIBBLING|t1972.50|t1980.70","015","2025-09-13","TSC","NEOFC","DRIBBLING","t1972.50","t1980.70",,,"False","False","False","True","False","True","C:\Users\scott\soccer-video\out\portrait_reels\branded\015__2025-09-13__TSC_vs_NEOFC__DRIBBLING__t1972.50-t1980.70_portrait_POST.mp4",,,
"015||||DRIBBLING|t1972.50|t1980.70","015","","","","DRIBBLING","t1972.50","t1980.70",,,"False","False","False","True","True","True","C:\Users\scott\soccer-video\out\portrait_reels\branded\015__DRIBBLING__t1972.50-t1980.70_portrait_BRAND.mp4;C:\Users\scott\soccer-video\out\portrait_reels\branded\015__DRIBBLING__t1972.50-t1980.70_portrait_POST.mp4",,,
"015|2025-09-20|TSC|RVFC|SHOT|t930.00|t937.00","015","2025-09-20","TSC","RVFC","SHOT","t930.00","t937.00",,,"False","False","False","True","False","True","C:\Users\scott\soccer-video\out\portrait_reels\branded\015__2025-09-20__TSC_vs_RVFC__SHOT__t930.00-t937.00_portrait_POST.mp4",,,
"016|2025-09-13|TSC|NEOFC|SHOT|t155.50|t166.40","016","2025-09-13","TSC","NEOFC","SHOT","t155.50","t166.40","016__2025-09-13__TSC_vs_NEOFC__SHOT__t155.50-166.40_portrait_FINAL","C:\Users\scott\soccer-video\out\autoframe_work\cinematic\016__2025-09-13__TSC_vs_NEOFC__SHOT__t155.50-166.40_portrait_FINAL","False","False","True","False","False","False","",,,"C:\Users\scott\soccer-video\out\autoframe_work\cinematic\016__2025-09-13__TSC_vs_NEOFC__SHOT__t155.50-166.40_portrait_FINAL\follow\stabilized.mp4"
"016|2025-09-13|TSC|NEOFC|SHOT|t2029.90|t2039.50","016","2025-09-13","TSC","NEOFC","SHOT","t2029.90","t2039.50",,,"False","False","False","True","False","True","C:\Users\scott\soccer-video\out\portrait_reels\branded\016__2025-09-13__TSC_vs_NEOFC__SHOT__t2029.90-t2039.50_portrait_POST.mp4",,,
"016||||SHOT|t2029.90|t2039.50","016","","","","SHOT","t2029.90","t2039.50",,,"False","False","False","True","True","True","C:\Users\scott\soccer-video\out\portrait_reels\branded\016__SHOT__t2029.90-t2039.50_portrait_BRAND.mp4;C:\Users\scott\soccer-video\out\portrait_reels\branded\016__SHOT__t2029.90-t2039.50_portrait_POST.mp4",,,
"017|2025-09-13|TSC|NEOFC|GOAL|t180.80|t191.20","017","2025-09-13","TSC","NEOFC","GOAL","t180.80","t191.20","017__2025-09-13__TSC_vs_NEOFC__GOAL__t180.80-t191.20_portrait_FINAL","C:\Users\scott\soccer-video\out\autoframe_work\cinematic\017__2025-09-13__TSC_vs_NEOFC__GOAL__t180.80-t191.20_portrait_FINAL","False","False","True","False","False","False","",,,"C:\Users\scott\soccer-video\out\autoframe_work\cinematic\017__2025-09-13__TSC_vs_NEOFC__GOAL__t180.80-t191.20_portrait_FINAL\follow\stabilized.mp4"
"017||||SHOT|t2284.90|t2298.20","017","","","","SHOT","t2284.90","t2298.20",,,"False","False","False","True","True","True","C:\Users\scott\soccer-video\out\portrait_reels\branded\017__SHOT__t2284.90-t2298.20_portrait_BRAND.mp4;C:\Users\scott\soccer-video\out\portrait_reels\branded\017__SHOT__t2284.90-t2298.20_portrait_POST.mp4",,,
"017|2025-09-13|TSC|NEOFC|SHOT|t2284.90|t2298.20","017","2025-09-13","TSC","NEOFC","SHOT","t2284.90","t2298.20",,,"False","False","False","True","False","True","C:\Users\scott\soccer-video\out\portrait_reels\branded\017__2025-09-13__TSC_vs_NEOFC__SHOT__t2284.90-t2298.20_portrait_POST.mp4",,,
"018|2025-09-13|TSC|NEOFC|BUILD_UP|t224.80|t248.70","018","2025-09-13","TSC","NEOFC","BUILD_UP","t224.80","t248.70","018__2025-09-13__TSC_vs_NEOFC__BUILD_UP__t224.80-t248.70_portrait_FINAL","C:\Users\scott\soccer-video\out\autoframe_work\cinematic\018__2025-09-13__TSC_vs_NEOFC__BUILD_UP__t224.80-t248.70_portrait_FINAL","False","False","True","False","False","False","",,,"C:\Users\scott\soccer-video\out\autoframe_work\cinematic\018__2025-09-13__TSC_vs_NEOFC__BUILD_UP__t224.80-t248.70_portrait_FINAL\follow\stabilized.mp4"
"018||||SHOT|t2419.50|t2425.60","018","","","","SHOT","t2419.50","t2425.60",,,"False","False","False","True","True","True","C:\Users\scott\soccer-video\out\portrait_reels\branded\018__SHOT__t2419.50-t2425.60_portrait_BRAND.mp4;C:\Users\scott\soccer-video\out\portrait_reels\branded\018__SHOT__t2419.50-t2425.60_portrait_POST.mp4",,,
"018|2025-09-13|TSC|NEOFC|SHOT|t2419.50|t2425.60","018","2025-09-13","TSC","NEOFC","SHOT","t2419.50","t2425.60",,,"False","False","False","True","False","True","C:\Users\scott\soccer-video\out\portrait_reels\branded\018__2025-09-13__TSC_vs_NEOFC__SHOT__t2419.50-t2425.60_portrait_POST.mp4",,,
"019|2025-09-13|TSC|NEOFC|SHOT|t2633.00|t2638.10","019","2025-09-13","TSC","NEOFC","SHOT","t2633.00","t2638.10",,,"False","False","False","True","False","True","C:\Users\scott\soccer-video\out\portrait_reels\branded\019__2025-09-13__TSC_vs_NEOFC__SHOT__t2633.00-t2638.10_portrait_POST.mp4",,,
"019||||SHOT|t2633.00|t2638.10","019","","","","SHOT","t2633.00","t2638.10",,,"False","False","False","True","True","True","C:\Users\scott\soccer-video\out\portrait_reels\branded\019__SHOT__t2633.00-t2638.10_portrait_BRAND.mp4;C:\Users\scott\soccer-video\out\portrait_reels\branded\019__SHOT__t2633.00-t2638.10_portrait_POST.mp4",,,
"019|2025-09-20|TSC|Greenwood|BUILD_UP_PLAY_SHOT|t421.00|t441.00","019","2025-09-20","TSC","Greenwood","BUILD_UP_PLAY_SHOT","t421.00","t441.00","019__2025-09-20__TSC_vs_Greenwood__BUILD_UP_PLAY_SHOT__t421.00-441.00_portrait_FINAL","C:\Users\scott\soccer-video\out\autoframe_work\cinematic\019__2025-09-20__TSC_vs_Greenwood__BUILD_UP_PLAY_SHOT__t421.00-441.00_portrait_FINAL","False","False","True","False","False","False","",,,"C:\Users\scott\soccer-video\out\autoframe_work\cinematic\019__2025-09-20__TSC_vs_Greenwood__BUILD_UP_PLAY_SHOT__t421.00-441.00_portrait_FINAL\follow\stabilized.mp4"
"020|2025-09-20|TSC|RVFC|SHOT|t1236.00|t1243.00","020","2025-09-20","TSC","RVFC","SHOT","t1236.00","t1243.00",,,"False","False","False","True","False","True","C:\Users\scott\soccer-video\out\portrait_reels\branded\020__2025-09-20__TSC_vs_RVFC__SHOT__t1236.00-t1243.00_portrait_POST.mp4",,,
"020|2025-09-13|TSC|NEOFC|GOAL|t266.50|t283.10","020","2025-09-13","TSC","NEOFC","GOAL","t266.50","t283.10","020__2025-09-13__TSC_vs_NEOFC__GOAL__t266.50-t283.10_portrait_FINAL","C:\Users\scott\soccer-video\out\autoframe_work\cinematic\020__2025-09-13__TSC_vs_NEOFC__GOAL__t266.50-t283.10_portrait_FINAL","False","False","True","False","False","False","",,,"C:\Users\scott\soccer-video\out\autoframe_work\cinematic\020__2025-09-13__TSC_vs_NEOFC__GOAL__t266.50-t283.10_portrait_FINAL\follow\stabilized.mp4"
"020||||GOAL|t2816.60|t2831.80","020","","","","GOAL","t2816.60","t2831.80",,,"False","False","False","True","True","True","C:\Users\scott\soccer-video\out\portrait_reels\branded\020__GOAL__t2816.60-t2831.80_portrait_BRAND.mp4;C:\Users\scott\soccer-video\out\portrait_reels\branded\020__GOAL__t2816.60-t2831.80_portrait_POST.mp4",,,
"020|2025-09-13|TSC|NEOFC|GOAL|t2816.60|t2831.80","020","2025-09-13","TSC","NEOFC","GOAL","t2816.60","t2831.80",,,"False","False","False","True","False","True","C:\Users\scott\soccer-video\out\portrait_reels\branded\020__2025-09-13__TSC_vs_NEOFC__GOAL__t2816.60-t2831.80_portrait_POST.mp4",,,
"021|2025-09-20|TSC|RVFC|CROSS|t1275.00|t1293.00","021","2025-09-20","TSC","RVFC","CROSS","t1275.00","t1293.00",,,"False","False","False","True","False","True","C:\Users\scott\soccer-video\out\portrait_reels\branded\021__2025-09-20__TSC_vs_RVFC__CROSS__t1275.00-t1293.00_portrait_POST.mp4",,,
"021|2025-09-13|TSC|NEOFC|SHOT|t2860.70|t2873.00","021","2025-09-13","TSC","NEOFC","SHOT","t2860.70","t2873.00",,,"False","False","False","True","False","True","C:\Users\scott\soccer-video\out\portrait_reels\branded\021__2025-09-13__TSC_vs_NEOFC__SHOT__t2860.70-t2873.00_portrait_POST.mp4",,,
"021||||SHOT|t2860.70|t2873.00","021","","","","SHOT","t2860.70","t2873.00",,,"False","False","False","True","True","True","C:\Users\scott\soccer-video\out\portrait_reels\branded\021__SHOT__t2860.70-t2873.00_portrait_BRAND.mp4;C:\Users\scott\soccer-video\out\portrait_reels\branded\021__SHOT__t2860.70-t2873.00_portrait_POST.mp4",,,
"021|2025-09-20|TSC|Greenwood|PRESSURE_TWO_SHOTS|t444.00|t456.00","021","2025-09-20","TSC","Greenwood","PRESSURE_TWO_SHOTS","t444.00","t456.00","021__2025-09-20__TSC_vs_Greenwood__PRESSURE_TWO_SHOTS__t444.00-456.00_portrait_FINAL","C:\Users\scott\soccer-video\out\autoframe_work\cinematic\021__2025-09-20__TSC_vs_Greenwood__PRESSURE_TWO_SHOTS__t444.00-456.00_portrait_FINAL","False","False","True","False","False","False","",,,"C:\Users\scott\soccer-video\out\autoframe_work\cinematic\021__2025-09-20__TSC_vs_Greenwood__PRESSURE_TWO_SHOTS__t444.00-456.00_portrait_FINAL\follow\stabilized.mp4"
"022|2025-09-20|TSC|Greenwood|GOAL|t1578.00|t1586.00","022","2025-09-20","TSC","Greenwood","GOAL","t1578.00","t1586.00",,,"False","False","False","True","False","True","C:\Users\scott\soccer-video\out\portrait_reels\branded\022__2025-09-20__TSC_vs_Greenwood__GOAL__t1578.00-t1586.00_portrait_POST.mp4",,,
"022||||SHOT|t3028.10|t3059.70","022","","","","SHOT","t3028.10","t3059.70",,,"False","False","False","True","False","True","C:\Users\scott\soccer-video\out\portrait_reels\branded\022__SHOT__t3028.10-t3059.70_portrait_POST.mp4",,,
"022|2025-09-13|TSC|NEOFC|CORNER|t417.90|t431.60","022","2025-09-13","TSC","NEOFC","CORNER","t417.90","t431.60","022__2025-09-13__TSC_vs_NEOFC__CORNER__t417.90-t431.60_portrait_FINAL","C:\Users\scott\soccer-video\out\autoframe_work\cinematic\022__2025-09-13__TSC_vs_NEOFC__CORNER__t417.90-t431.60_portrait_FINAL","False","False","True","False","False","False","",,,"C:\Users\scott\soccer-video\out\autoframe_work\cinematic\022__2025-09-13__TSC_vs_NEOFC__CORNER__t417.90-t431.60_portrait_FINAL\follow\stabilized.mp4"
"023|2025-09-13|TSC|NEOFC|SHOT|t3098.90|t3108.80","023","2025-09-13","TSC","NEOFC","SHOT","t3098.90","t3108.80",,,"False","False","False","True","False","True","C:\Users\scott\soccer-video\out\portrait_reels\branded\023__2025-09-13__TSC_vs_NEOFC__SHOT__t3098.90-t3108.80_portrait_POST.mp4",,,
"023|2025-09-20|TSC|Greenwood|WIN_FREE_KICK|t538.00|t553.00","023","2025-09-20","TSC","Greenwood","WIN_FREE_KICK","t538.00","t553.00","023__2025-09-20__TSC_vs_Greenwood__WIN_FREE_KICK__t538.00-553.00_portrait_FINAL","C:\Users\scott\soccer-video\out\autoframe_work\cinematic\023__2025-09-20__TSC_vs_Greenwood__WIN_FREE_KICK__t538.00-553.00_portrait_FINAL","False","False","True","False","False","False","",,,"C:\Users\scott\soccer-video\out\autoframe_work\cinematic\023__2025-09-20__TSC_vs_Greenwood__WIN_FREE_KICK__t538.00-553.00_portrait_FINAL\follow\stabilized.mp4"
"024|2025-09-13|TSC|NEOFC|DEFENSE|t699.30|t711.50","024","2025-09-13","TSC","NEOFC","DEFENSE","t699.30","t711.50","024__2025-09-13__TSC_vs_NEOFC__DEFENSE__t699.30-t711.50_portrait_FINAL","C:\Users\scott\soccer-video\out\autoframe_work\cinematic\024__2025-09-13__TSC_vs_NEOFC__DEFENSE__t699.30-t711.50_portrait_FINAL","False","False","True","False","False","False","",,,"C:\Users\scott\soccer-video\out\autoframe_work\cinematic\024__2025-09-13__TSC_vs_NEOFC__DEFENSE__t699.30-t711.50_portrait_FINAL\follow\stabilized.mp4"
"025|2025-09-20|TSC|Greenwood|GOAL|t1885.00|t1895.00","025","2025-09-20","TSC","Greenwood","GOAL","t1885.00","t1895.00",,,"False","False","False","True","False","True","C:\Users\scott\soccer-video\out\portrait_reels\branded\025__2025-09-20__TSC_vs_Greenwood__GOAL__t1885.00-t1895.00_portrait_POST.mp4",,,
"025|2025-09-20|TSC|Greenwood|BUILD_UP_PLAY_SHOT|t685.00|t708.00","025","2025-09-20","TSC","Greenwood","BUILD_UP_PLAY_SHOT","t685.00","t708.00","025__2025-09-20__TSC_vs_Greenwood__BUILD_UP_PLAY_SHOT__t685.00-708.00_portrait_FINAL","C:\Users\scott\soccer-video\out\autoframe_work\cinematic\025__2025-09-20__TSC_vs_Greenwood__BUILD_UP_PLAY_SHOT__t685.00-708.00_portrait_FINAL","False","False","True","False","False","False","",,,"C:\Users\scott\soccer-video\out\autoframe_work\cinematic\025__2025-09-20__TSC_vs_Greenwood__BUILD_UP_PLAY_SHOT__t685.00-708.00_portrait_FINAL\follow\stabilized.mp4"
"026|2025-09-20|TSC|RVFC|SHOT|t517.00|t528.00","026","2025-09-20","TSC","RVFC","SHOT","t517.00","t528.00","026__2025-09-20__TSC_vs_RVFC__SHOT__t517.00-528.00_portrait_FINAL","C:\Users\scott\soccer-video\out\autoframe_work\cinematic\026__2025-09-20__TSC_vs_RVFC__SHOT__t517.00-528.00_portrait_FINAL","False","False","True","False","False","False","",,,"C:\Users\scott\soccer-video\out\autoframe_work\cinematic\026__2025-09-20__TSC_vs_RVFC__SHOT__t517.00-528.00_portrait_FINAL\follow\stabilized.mp4"
"027|2025-09-20|TSC|RVFC|SHOT|t1827.00|t1834.00","027","2025-09-20","TSC","RVFC","SHOT","t1827.00","t1834.00",,,"False","False","False","True","False","True","C:\Users\scott\soccer-video\out\portrait_reels\branded\027__2025-09-20__TSC_vs_RVFC__SHOT__t1827.00-t1834.00_portrait_POST.mp4",,,
"027|2025-09-13|TSC|NEOFC|DRIBBLING|t982.00|t987.90","027","2025-09-13","TSC","NEOFC","DRIBBLING","t982.00","t987.90","027__2025-09-13__TSC_vs_NEOFC__DRIBBLING__t982.00-t987.90_portrait_FINAL","C:\Users\scott\soccer-video\out\autoframe_work\cinematic\027__2025-09-13__TSC_vs_NEOFC__DRIBBLING__t982.00-t987.90_portrait_FINAL","False","False","True","False","False","False","",,,"C:\Users\scott\soccer-video\out\autoframe_work\cinematic\027__2025-09-13__TSC_vs_NEOFC__DRIBBLING__t982.00-t987.90_portrait_FINAL\follow\stabilized.mp4"
"028|2025-09-20|TSC|RVFC|CORNER|t1852.00|t1875.00","028","2025-09-20","TSC","RVFC","CORNER","t1852.00","t1875.00",,,"False","False","False","True","False","True","C:\Users\scott\soccer-video\out\portrait_reels\branded\028__2025-09-20__TSC_vs_RVFC__CORNER__t1852.00-t1875.00_portrait_POST.mp4",,,
"028|2025-09-20|TSC|Greenwood|DRIBBLING_SHOT|t739.00|t752.00","028","2025-09-20","TSC","Greenwood","DRIBBLING_SHOT","t739.00","t752.00","028__2025-09-20__TSC_vs_Greenwood__DRIBBLING_SHOT__t739.00-752.00_portrait_FINAL","C:\Users\scott\soccer-video\out\autoframe_work\cinematic\028__2025-09-20__TSC_vs_Greenwood__DRIBBLING_SHOT__t739.00-752.00_portrait_FINAL","False","False","True","False","False","False","",,,"C:\Users\scott\soccer-video\out\autoframe_work\cinematic\028__2025-09-20__TSC_vs_Greenwood__DRIBBLING_SHOT__t739.00-752.00_portrait_FINAL\follow\stabilized.mp4"
"029|2025-09-20|TSC|RVFC|PRESSURE_GOAL|t529.00|t547.00","029","2025-09-20","TSC","RVFC","PRESSURE_GOAL","t529.00","t547.00","029__2025-09-20__TSC_vs_RVFC__PRESSURE_GOAL__t529.00-547.00_portrait_FINAL","C:\Users\scott\soccer-video\out\autoframe_work\cinematic\029__2025-09-20__TSC_vs_RVFC__PRESSURE_GOAL__t529.00-547.00_portrait_FINAL","False","False","True","False","False","False","",,,"C:\Users\scott\soccer-video\out\autoframe_work\cinematic\029__2025-09-20__TSC_vs_RVFC__PRESSURE_GOAL__t529.00-547.00_portrait_FINAL\follow\stabilized.mp4"
"030|2025-09-13|TSC|NEOFC|SHOT|t1247.80|t1259.20","030","2025-09-13","TSC","NEOFC","SHOT","t1247.80","t1259.20","030__2025-09-13__TSC_vs_NEOFC__SHOT__t1247.80-t1259.20_portrait_FINAL","C:\Users\scott\soccer-video\out\autoframe_work\cinematic\030__2025-09-13__TSC_vs_NEOFC__SHOT__t1247.80-t1259.20_portrait_FINAL","False","False","True","False","False","False","",,,"C:\Users\scott\soccer-video\out\autoframe_work\cinematic\030__2025-09-13__TSC_vs_NEOFC__SHOT__t1247.80-t1259.20_portrait_FINAL\follow\stabilized.mp4"
"031|2025-09-20|TSC|Greenwood|PRESSURE_SHOT|t754.00|t783.00","031","2025-09-20","TSC","Greenwood","PRESSURE_SHOT","t754.00","t783.00","031__2025-09-20__TSC_vs_Greenwood__PRESSURE_SHOT__t754.00-783.00_portrait_FINAL","C:\Users\scott\soccer-video\out\autoframe_work\cinematic\031__2025-09-20__TSC_vs_Greenwood__PRESSURE_SHOT__t754.00-783.00_portrait_FINAL","False","False","True","False","False","False","",,,"C:\Users\scott\soccer-video\out\autoframe_work\cinematic\031__2025-09-20__TSC_vs_Greenwood__PRESSURE_SHOT__t754.00-783.00_portrait_FINAL\follow\stabilized.mp4"
"032|2025-09-20|TSC|RVFC|BUILD_UP_PLAY_SHOT|t565.00|t600.00","032","2025-09-20","TSC","RVFC","BUILD_UP_PLAY_SHOT","t565.00","t600.00","032__2025-09-20__TSC_vs_RVFC__BUILD_UP_PLAY_SHOT__t565.00-600.00_portrait_FINAL","C:\Users\scott\soccer-video\out\autoframe_work\cinematic\032__2025-09-20__TSC_vs_RVFC__BUILD_UP_PLAY_SHOT__t565.00-600.00_portrait_FINAL","False","False","True","False","False","False","",,,"C:\Users\scott\soccer-video\out\autoframe_work\cinematic\032__2025-09-20__TSC_vs_RVFC__BUILD_UP_PLAY_SHOT__t565.00-600.00_portrait_FINAL\follow\stabilized.mp4"
"033|2025-09-13|TSC|NEOFC|SHOT|t1420.40|t1438.20","033","2025-09-13","TSC","NEOFC","SHOT","t1420.40","t1438.20","033__2025-09-13__TSC_vs_NEOFC__SHOT__t1420.40-t1438.20_portrait_FINAL","C:\Users\scott\soccer-video\out\autoframe_work\cinematic\033__2025-09-13__TSC_vs_NEOFC__SHOT__t1420.40-t1438.20_portrait_FINAL","False","False","True","False","False","False","",,,"C:\Users\scott\soccer-video\out\autoframe_work\cinematic\033__2025-09-13__TSC_vs_NEOFC__SHOT__t1420.40-t1438.20_portrait_FINAL\follow\stabilized.mp4"
"033|2025-09-20|TSC|Greenwood|GOAL|t2562.00|t2582.00","033","2025-09-20","TSC","Greenwood","GOAL","t2562.00","t2582.00",,,"False","False","False","True","False","True","C:\Users\scott\soccer-video\out\portrait_reels\branded\033__2025-09-20__TSC_vs_Greenwood__GOAL__t2562.00-t2582.00_portrait_POST.mp4",,,
"034|2025-09-20|TSC|Greenwood|PRESSURE_SHOT|t802.00|t818.00","034","2025-09-20","TSC","Greenwood","PRESSURE_SHOT","t802.00","t818.00","034__2025-09-20__TSC_vs_Greenwood__PRESSURE_SHOT__t802.00-818.00_portrait_FINAL","C:\Users\scott\soccer-video\out\autoframe_work\cinematic\034__2025-09-20__TSC_vs_Greenwood__PRESSURE_SHOT__t802.00-818.00_portrait_FINAL","False","False","True","False","False","False","",,,"C:\Users\scott\soccer-video\out\autoframe_work\cinematic\034__2025-09-20__TSC_vs_Greenwood__PRESSURE_SHOT__t802.00-818.00_portrait_FINAL\follow\stabilized.mp4"
"035|2025-09-20|TSC|Greenwood|CORNER|t2687.00|t2701.00","035","2025-09-20","TSC","Greenwood","CORNER","t2687.00","t2701.00",,,"False","False","False","True","False","True","C:\Users\scott\soccer-video\out\portrait_reels\branded\035__2025-09-20__TSC_vs_Greenwood__CORNER__t2687.00-t2701.00_portrait_POST.mp4",,,
"035|2025-09-20|TSC|RVFC|PRESSURE_SHOT|t604.00|t620.00","035","2025-09-20","TSC","RVFC","PRESSURE_SHOT","t604.00","t620.00","035__2025-09-20__TSC_vs_RVFC__PRESSURE_SHOT__t604.00-620.00_portrait_FINAL","C:\Users\scott\soccer-video\out\autoframe_work\cinematic\035__2025-09-20__TSC_vs_RVFC__PRESSURE_SHOT__t604.00-620.00_portrait_FINAL","False","False","True","False","False","False","",,,"C:\Users\scott\soccer-video\out\autoframe_work\cinematic\035__2025-09-20__TSC_vs_RVFC__PRESSURE_SHOT__t604.00-620.00_portrait_FINAL\follow\stabilized.mp4"
"036|2025-09-13|TSC|NEOFC|CROSS|t1541.10|t1547.90","036","2025-09-13","TSC","NEOFC","CROSS","t1541.10","t1547.90","036__2025-09-13__TSC_vs_NEOFC__CROSS__t1541.10-t1547.90_portrait_FINAL","C:\Users\scott\soccer-video\out\autoframe_work\cinematic\036__2025-09-13__TSC_vs_NEOFC__CROSS__t1541.10-t1547.90_portrait_FINAL","False","False","True","False","False","False","",,,"C:\Users\scott\soccer-video\out\autoframe_work\cinematic\036__2025-09-13__TSC_vs_NEOFC__CROSS__t1541.10-t1547.90_portrait_FINAL\follow\stabilized.mp4"
"037|2025-09-20|TSC|Greenwood|DEFENSE_BUILD_UP|t821.00|t848.00","037","2025-09-20","TSC","Greenwood","DEFENSE_BUILD_UP","t821.00","t848.00","037__2025-09-20__TSC_vs_Greenwood__DEFENSE_BUILD_UP__t821.00-848.00_portrait_FINAL","C:\Users\scott\soccer-video\out\autoframe_work\cinematic\037__2025-09-20__TSC_vs_Greenwood__DEFENSE_BUILD_UP__t821.00-848.00_portrait_FINAL","False","False","True","False","False","False","",,,"C:\Users\scott\soccer-video\out\autoframe_work\cinematic\037__2025-09-20__TSC_vs_Greenwood__DEFENSE_BUILD_UP__t821.00-848.00_portrait_FINAL\follow\stabilized.mp4"
"038|2025-09-20|TSC|RVFC|PRESSURE_SHOT|t675.00|t689.00","038","2025-09-20","TSC","RVFC","PRESSURE_SHOT","t675.00","t689.00","038__2025-09-20__TSC_vs_RVFC__PRESSURE_SHOT__t675.00-689.00_portrait_FINAL","C:\Users\scott\soccer-video\out\autoframe_work\cinematic\038__2025-09-20__TSC_vs_RVFC__PRESSURE_SHOT__t675.00-689.00_portrait_FINAL","False","False","True","False","False","False","",,,"C:\Users\scott\soccer-video\out\autoframe_work\cinematic\038__2025-09-20__TSC_vs_RVFC__PRESSURE_SHOT__t675.00-689.00_portrait_FINAL\follow\stabilized.mp4"
"039|2025-09-13|TSC|NEOFC|SHOTS|t1655.00|t1670.30","039","2025-09-13","TSC","NEOFC","SHOTS","t1655.00","t1670.30","039__2025-09-13__TSC_vs_NEOFC__SHOTS__t1655.00-t1670.30_portrait_FINAL","C:\Users\scott\soccer-video\out\autoframe_work\cinematic\039__2025-09-13__TSC_vs_NEOFC__SHOTS__t1655.00-t1670.30_portrait_FINAL","False","False","True","False","False","False","",,,"C:\Users\scott\soccer-video\out\autoframe_work\cinematic\039__2025-09-13__TSC_vs_NEOFC__SHOTS__t1655.00-t1670.30_portrait_FINAL\follow\stabilized.mp4"
"040|2025-09-20|TSC|Greenwood|GOAL|t902.00|t913.00","040","2025-09-20","TSC","Greenwood","GOAL","t902.00","t913.00","040__2025-09-20__TSC_vs_Greenwood__GOAL__t902.00-913.00_portrait_FINAL","C:\Users\scott\soccer-video\out\autoframe_work\cinematic\040__2025-09-20__TSC_vs_Greenwood__GOAL__t902.00-913.00_portrait_FINAL","False","False","True","False","False","False","",,,"C:\Users\scott\soccer-video\out\autoframe_work\cinematic\040__2025-09-20__TSC_vs_Greenwood__GOAL__t902.00-913.00_portrait_FINAL\follow\stabilized.mp4"
"041|2025-09-20|TSC|RVFC|CORNER|t2712.00|t2722.00","041","2025-09-20","TSC","RVFC","CORNER","t2712.00","t2722.00",,,"False","False","False","True","False","True","C:\Users\scott\soccer-video\out\portrait_reels\branded\041__2025-09-20__TSC_vs_RVFC__CORNER__t2712.00-t2722.00_portrait_POST.mp4",,,
"041|2025-09-20|TSC|RVFC|PRESSURE_SHOT|t689.00|t702.00","041","2025-09-20","TSC","RVFC","PRESSURE_SHOT","t689.00","t702.00","041__2025-09-20__TSC_vs_RVFC__PRESSURE_SHOT__t689.00-702.00_portrait_FINAL","C:\Users\scott\soccer-video\out\autoframe_work\cinematic\041__2025-09-20__TSC_vs_RVFC__PRESSURE_SHOT__t689.00-702.00_portrait_FINAL","False","False","True","False","False","False","",,,"C:\Users\scott\soccer-video\out\autoframe_work\cinematic\041__2025-09-20__TSC_vs_RVFC__PRESSURE_SHOT__t689.00-702.00_portrait_FINAL\follow\stabilized.mp4"
"042|2025-09-13|TSC|NEOFC|GOAL|t1705.20|t1708.50","042","2025-09-13","TSC","NEOFC","GOAL","t1705.20","t1708.50","042__2025-09-13__TSC_vs_NEOFC__GOAL__t1705.20-t1708.50_portrait_FINAL","C:\Users\scott\soccer-video\out\autoframe_work\cinematic\042__2025-09-13__TSC_vs_NEOFC__GOAL__t1705.20-t1708.50_portrait_FINAL","False","False","True","False","False","False","",,,"C:\Users\scott\soccer-video\out\autoframe_work\cinematic\042__2025-09-13__TSC_vs_NEOFC__GOAL__t1705.20-t1708.50_portrait_FINAL\follow\stabilized.mp4"
"042|2025-09-20|TSC|RVFC|CORNER|t2765.00|t2783.00","042","2025-09-20","TSC","RVFC","CORNER","t2765.00","t2783.00",,,"False","False","False","True","False","True","C:\Users\scott\soccer-video\out\portrait_reels\branded\042__2025-09-20__TSC_vs_RVFC__CORNER__t2765.00-t2783.00_portrait_POST.mp4",,,
"043|2025-09-20|TSC|RVFC|GOAL|t3010.00|t3028.00","043","2025-09-20","TSC","RVFC","GOAL","t3010.00","t3028.00",,,"False","False","False","True","False","True","C:\Users\scott\soccer-video\out\portrait_reels\branded\043__2025-09-20__TSC_vs_RVFC__GOAL__t3010.00-t3028.00_portrait_POST.mp4",,,
"043|2025-09-20|TSC|Greenwood|BUILD_SHOT|t973.00|t987.00","043","2025-09-20","TSC","Greenwood","BUILD_SHOT","t973.00","t987.00","043__2025-09-20__TSC_vs_Greenwood__BUILD_SHOT__t973.00-987.00_portrait_FINAL","C:\Users\scott\soccer-video\out\autoframe_work\cinematic\043__2025-09-20__TSC_vs_Greenwood__BUILD_SHOT__t973.00-987.00_portrait_FINAL","False","False","True","False","False","False","",,,"C:\Users\scott\soccer-video\out\autoframe_work\cinematic\043__2025-09-20__TSC_vs_Greenwood__BUILD_SHOT__t973.00-987.00_portrait_FINAL\follow\stabilized.mp4"
"044|2025-09-20|TSC|RVFC|GOAL|t3051.00|t3066.00","044","2025-09-20","TSC","RVFC","GOAL","t3051.00","t3066.00",,,"False","False","False","True","False","True","C:\Users\scott\soccer-video\out\portrait_reels\branded\044__2025-09-20__TSC_vs_RVFC__GOAL__t3051.00-t3066.00_portrait_POST.mp4",,,
"044|2025-09-20|TSC|RVFC|BUILD_UP_PLAY_SHOT|t746.00|t757.00","044","2025-09-20","TSC","RVFC","BUILD_UP_PLAY_SHOT","t746.00","t757.00","044__2025-09-20__TSC_vs_RVFC__BUILD_UP_PLAY_SHOT__t746.00-757.00_portrait_FINAL","C:\Users\scott\soccer-video\out\autoframe_work\cinematic\044__2025-09-20__TSC_vs_RVFC__BUILD_UP_PLAY_SHOT__t746.00-757.00_portrait_FINAL","False","False","True","False","False","False","",,,"C:\Users\scott\soccer-video\out\autoframe_work\cinematic\044__2025-09-20__TSC_vs_RVFC__BUILD_UP_PLAY_SHOT__t746.00-757.00_portrait_FINAL\follow\stabilized.mp4"
"045|2025-09-13|TSC|NEOFC|GOAL|t1767.50|t1772.60","045","2025-09-13","TSC","NEOFC","GOAL","t1767.50","t1772.60","045__2025-09-13__TSC_vs_NEOFC__GOAL__t1767.50-t1772.60_portrait_FINAL","C:\Users\scott\soccer-video\out\autoframe_work\cinematic\045__2025-09-13__TSC_vs_NEOFC__GOAL__t1767.50-t1772.60_portrait_FINAL","False","False","True","False","False","False","",,,"C:\Users\scott\soccer-video\out\autoframe_work\cinematic\045__2025-09-13__TSC_vs_NEOFC__GOAL__t1767.50-t1772.60_portrait_FINAL\follow\stabilized.mp4"
"046|2025-09-20|TSC|Greenwood|PRESSURE_SHOT|t988.00|t1001.00","046","2025-09-20","TSC","Greenwood","PRESSURE_SHOT","t988.00","t1001.00","046__2025-09-20__TSC_vs_Greenwood__PRESSURE_SHOT__t988.00-1001.00_portrait_FINAL","C:\Users\scott\soccer-video\out\autoframe_work\cinematic\046__2025-09-20__TSC_vs_Greenwood__PRESSURE_SHOT__t988.00-1001.00_portrait_FINAL","False","False","True","False","False","False","",,,"C:\Users\scott\soccer-video\out\autoframe_work\cinematic\046__2025-09-20__TSC_vs_Greenwood__PRESSURE_SHOT__t988.00-1001.00_portrait_FINAL\follow\stabilized.mp4"
"047|2025-09-20|TSC|RVFC|BUILD_UP_PLAY_SHOT|t821.00|t865.00","047","2025-09-20","TSC","RVFC","BUILD_UP_PLAY_SHOT","t821.00","t865.00","047__2025-09-20__TSC_vs_RVFC__BUILD_UP_PLAY_SHOT__t821.00-865.00_portrait_FINAL","C:\Users\scott\soccer-video\out\autoframe_work\cinematic\047__2025-09-20__TSC_vs_RVFC__BUILD_UP_PLAY_SHOT__t821.00-865.00_portrait_FINAL","False","False","True","False","False","False","",,,"C:\Users\scott\soccer-video\out\autoframe_work\cinematic\047__2025-09-20__TSC_vs_RVFC__BUILD_UP_PLAY_SHOT__t821.00-865.00_portrait_FINAL\follow\stabilized.mp4"
"048|2025-09-13|TSC|NEOFC|GOAL|t1904.20|t1925.20","048","2025-09-13","TSC","NEOFC","GOAL","t1904.20","t1925.20","048__2025-09-13__TSC_vs_NEOFC__GOAL__t1904.20-t1925.20_portrait_FINAL","C:\Users\scott\soccer-video\out\autoframe_work\cinematic\048__2025-09-13__TSC_vs_NEOFC__GOAL__t1904.20-t1925.20_portrait_FINAL","False","False","True","False","False","False","",,,"C:\Users\scott\soccer-video\out\autoframe_work\cinematic\048__2025-09-13__TSC_vs_NEOFC__GOAL__t1904.20-t1925.20_portrait_FINAL\follow\stabilized.mp4"
"049|2025-09-20|TSC|Greenwood|PRESSURE_SHOT|t1063.00|t1073.00","049","2025-09-20","TSC","Greenwood","PRESSURE_SHOT","t1063.00","t1073.00","049__2025-09-20__TSC_vs_Greenwood__PRESSURE_SHOT__t1063.00-1073.00_portrait_FINAL","C:\Users\scott\soccer-video\out\autoframe_work\cinematic\049__2025-09-20__TSC_vs_Greenwood__PRESSURE_SHOT__t1063.00-1073.00_portrait_FINAL","False","False","True","False","False","False","",,,"C:\Users\scott\soccer-video\out\autoframe_work\cinematic\049__2025-09-20__TSC_vs_Greenwood__PRESSURE_SHOT__t1063.00-1073.00_portrait_FINAL\follow\stabilized.mp4"
"050|2025-09-20|TSC|RVFC|DEFENSE_BUILD_UP|t880.00|t897.00","050","2025-09-20","TSC","RVFC","DEFENSE_BUILD_UP","t880.00","t897.00","050__2025-09-20__TSC_vs_RVFC__DEFENSE_BUILD_UP__t880.00-897.00_portrait_FINAL","C:\Users\scott\soccer-video\out\autoframe_work\cinematic\050__2025-09-20__TSC_vs_RVFC__DEFENSE_BUILD_UP__t880.00-897.00_portrait_FINAL","False","False","True","False","False","False","",,,"C:\Users\scott\soccer-video\out\autoframe_work\cinematic\050__2025-09-20__TSC_vs_RVFC__DEFENSE_BUILD_UP__t880.00-897.00_portrait_FINAL\follow\stabilized.mp4"
"051|2025-09-13|TSC|NEOFC|DRIBBLING|t1972.50|t1980.70","051","2025-09-13","TSC","NEOFC","DRIBBLING","t1972.50","t1980.70","051__2025-09-13__TSC_vs_NEOFC__DRIBBLING__t1972.50-t1980.70_portrait_FINAL","C:\Users\scott\soccer-video\out\autoframe_work\cinematic\051__2025-09-13__TSC_vs_NEOFC__DRIBBLING__t1972.50-t1980.70_portrait_FINAL","False","False","True","False","False","False","",,,"C:\Users\scott\soccer-video\out\autoframe_work\cinematic\051__2025-09-13__TSC_vs_NEOFC__DRIBBLING__t1972.50-t1980.70_portrait_FINAL\follow\stabilized.mp4"
"052|2025-09-20|TSC|Greenwood|SHOT|t1081.00|t1088.00","052","2025-09-20","TSC","Greenwood","SHOT","t1081.00","t1088.00","052__2025-09-20__TSC_vs_Greenwood__SHOT__t1081.00-1088.00_portrait_FINAL","C:\Users\scott\soccer-video\out\autoframe_work\cinematic\052__2025-09-20__TSC_vs_Greenwood__SHOT__t1081.00-1088.00_portrait_FINAL","False","False","True","False","False","False","",,,"C:\Users\scott\soccer-video\out\autoframe_work\cinematic\052__2025-09-20__TSC_vs_Greenwood__SHOT__t1081.00-1088.00_portrait_FINAL\follow\stabilized.mp4"
"053|2025-09-20|TSC|RVFC|SHOT|t930.00|t937.00","053","2025-09-20","TSC","RVFC","SHOT","t930.00","t937.00","053__2025-09-20__TSC_vs_RVFC__SHOT__t930.00-937.00_portrait_FINAL","C:\Users\scott\soccer-video\out\autoframe_work\cinematic\053__2025-09-20__TSC_vs_RVFC__SHOT__t930.00-937.00_portrait_FINAL","False","False","True","False","False","False","",,,"C:\Users\scott\soccer-video\out\autoframe_work\cinematic\053__2025-09-20__TSC_vs_RVFC__SHOT__t930.00-937.00_portrait_FINAL\follow\stabilized.mp4"
"054|2025-09-13|TSC|NEOFC|SHOT|t2029.90|t2039.50","054","2025-09-13","TSC","NEOFC","SHOT","t2029.90","t2039.50","054__2025-09-13__TSC_vs_NEOFC__SHOT__t2029.90-t2039.50_portrait_FINAL","C:\Users\scott\soccer-video\out\autoframe_work\cinematic\054__2025-09-13__TSC_vs_NEOFC__SHOT__t2029.90-t2039.50_portrait_FINAL","False","False","True","False","False","False","",,,"C:\Users\scott\soccer-video\out\autoframe_work\cinematic\054__2025-09-13__TSC_vs_NEOFC__SHOT__t2029.90-t2039.50_portrait_FINAL\follow\stabilized.mp4"
"055|2025-09-20|TSC|Greenwood|BUILD_UP_PLAY_SHOT|t1195.00|t1209.00","055","2025-09-20","TSC","Greenwood","BUILD_UP_PLAY_SHOT","t1195.00","t1209.00","055__2025-09-20__TSC_vs_Greenwood__BUILD_UP_PLAY_SHOT__t1195.00-1209.00_portrait_FINAL","C:\Users\scott\soccer-video\out\autoframe_work\cinematic\055__2025-09-20__TSC_vs_Greenwood__BUILD_UP_PLAY_SHOT__t1195.00-1209.00_portrait_FINAL","False","False","True","False","False","False","",,,"C:\Users\scott\soccer-video\out\autoframe_work\cinematic\055__2025-09-20__TSC_vs_Greenwood__BUILD_UP_PLAY_SHOT__t1195.00-1209.00_portrait_FINAL\follow\stabilized.mp4"
"056|2025-09-20|TSC|RVFC|BUILD_UP_PLAY_SHOT|t999.00|t1022.00","056","2025-09-20","TSC","RVFC","BUILD_UP_PLAY_SHOT","t999.00","t1022.00","056__2025-09-20__TSC_vs_RVFC__BUILD_UP_PLAY_SHOT__t999.00-1022.00_portrait_FINAL","C:\Users\scott\soccer-video\out\autoframe_work\cinematic\056__2025-09-20__TSC_vs_RVFC__BUILD_UP_PLAY_SHOT__t999.00-1022.00_portrait_FINAL","False","False","True","False","False","False","",,,"C:\Users\scott\soccer-video\out\autoframe_work\cinematic\056__2025-09-20__TSC_vs_RVFC__BUILD_UP_PLAY_SHOT__t999.00-1022.00_portrait_FINAL\follow\stabilized.mp4"
"057|2025-09-13|TSC|NEOFC|SHOT|t2284.90|t2298.20","057","2025-09-13","TSC","NEOFC","SHOT","t2284.90","t2298.20","057__2025-09-13__TSC_vs_NEOFC__SHOT__t2284.90-t2298.20_portrait_FINAL","C:\Users\scott\soccer-video\out\autoframe_work\cinematic\057__2025-09-13__TSC_vs_NEOFC__SHOT__t2284.90-t2298.20_portrait_FINAL","False","False","True","False","False","False","",,,"C:\Users\scott\soccer-video\out\autoframe_work\cinematic\057__2025-09-13__TSC_vs_NEOFC__SHOT__t2284.90-t2298.20_portrait_FINAL\follow\stabilized.mp4"
"058|2025-09-20|TSC|Greenwood|PRESSURE_SHOT|t1212.00|t1224.00","058","2025-09-20","TSC","Greenwood","PRESSURE_SHOT","t1212.00","t1224.00","058__2025-09-20__TSC_vs_Greenwood__PRESSURE_SHOT__t1212.00-1224.00_portrait_FINAL","C:\Users\scott\soccer-video\out\autoframe_work\cinematic\058__2025-09-20__TSC_vs_Greenwood__PRESSURE_SHOT__t1212.00-1224.00_portrait_FINAL","False","False","True","False","False","False","",,,"C:\Users\scott\soccer-video\out\autoframe_work\cinematic\058__2025-09-20__TSC_vs_Greenwood__PRESSURE_SHOT__t1212.00-1224.00_portrait_FINAL\follow\stabilized.mp4"
"059|2025-09-20|TSC|RVFC|BUILD_UP_PLAY_SHOT|t1088.00|t1124.00","059","2025-09-20","TSC","RVFC","BUILD_UP_PLAY_SHOT","t1088.00","t1124.00","059__2025-09-20__TSC_vs_RVFC__BUILD_UP_PLAY_SHOT__t1088.00-1124.00_portrait_FINAL","C:\Users\scott\soccer-video\out\autoframe_work\cinematic\059__2025-09-20__TSC_vs_RVFC__BUILD_UP_PLAY_SHOT__t1088.00-1124.00_portrait_FINAL","False","False","True","False","False","False","",,,"C:\Users\scott\soccer-video\out\autoframe_work\cinematic\059__2025-09-20__TSC_vs_RVFC__BUILD_UP_PLAY_SHOT__t1088.00-1124.00_portrait_FINAL\follow\stabilized.mp4"
"060|2025-09-13|TSC|NEOFC|SHOT|t2419.50|t2425.60","060","2025-09-13","TSC","NEOFC","SHOT","t2419.50","t2425.60","060__2025-09-13__TSC_vs_NEOFC__SHOT__t2419.50-t2425.60_portrait_FINAL","C:\Users\scott\soccer-video\out\autoframe_work\cinematic\060__2025-09-13__TSC_vs_NEOFC__SHOT__t2419.50-t2425.60_portrait_FINAL","False","False","True","False","False","False","",,,"C:\Users\scott\soccer-video\out\autoframe_work\cinematic\060__2025-09-13__TSC_vs_NEOFC__SHOT__t2419.50-t2425.60_portrait_FINAL\follow\stabilized.mp4"
"061|2025-09-20|TSC|Greenwood|BUILD_UP_PLAY_GOAL|t1292.00|t1329.00","061","2025-09-20","TSC","Greenwood","BUILD_UP_PLAY_GOAL","t1292.00","t1329.00","061__2025-09-20__TSC_vs_Greenwood__BUILD_UP_PLAY_GOAL__t1292.00-1329.00_portrait_FINAL","C:\Users\scott\soccer-video\out\autoframe_work\cinematic\061__2025-09-20__TSC_vs_Greenwood__BUILD_UP_PLAY_GOAL__t1292.00-1329.00_portrait_FINAL","False","False","True","False","False","False","",,,"C:\Users\scott\soccer-video\out\autoframe_work\cinematic\061__2025-09-20__TSC_vs_Greenwood__BUILD_UP_PLAY_GOAL__t1292.00-1329.00_portrait_FINAL\follow\stabilized.mp4"
"062|2025-09-20|TSC|RVFC|DRIBBLING_SHOT|t1147.00|t1153.00","062","2025-09-20","TSC","RVFC","DRIBBLING_SHOT","t1147.00","t1153.00","062__2025-09-20__TSC_vs_RVFC__DRIBBLING_SHOT__t1147.00-1153.00_portrait_FINAL","C:\Users\scott\soccer-video\out\autoframe_work\cinematic\062__2025-09-20__TSC_vs_RVFC__DRIBBLING_SHOT__t1147.00-1153.00_portrait_FINAL","False","False","True","False","False","False","",,,"C:\Users\scott\soccer-video\out\autoframe_work\cinematic\062__2025-09-20__TSC_vs_RVFC__DRIBBLING_SHOT__t1147.00-1153.00_portrait_FINAL\follow\stabilized.mp4"
"063|2025-09-13|TSC|NEOFC|SHOT|t2633.00|t2638.10","063","2025-09-13","TSC","NEOFC","SHOT","t2633.00","t2638.10","063__2025-09-13__TSC_vs_NEOFC__SHOT__t2633.00-t2638.10_portrait_FINAL","C:\Users\scott\soccer-video\out\autoframe_work\cinematic\063__2025-09-13__TSC_vs_NEOFC__SHOT__t2633.00-t2638.10_portrait_FINAL","False","False","True","False","False","False","",,,"C:\Users\scott\soccer-video\out\autoframe_work\cinematic\063__2025-09-13__TSC_vs_NEOFC__SHOT__t2633.00-t2638.10_portrait_FINAL\follow\stabilized.mp4"
"064|2025-09-20|TSC|Greenwood|PRESSURE_SHOT|t1369.00|t1383.00","064","2025-09-20","TSC","Greenwood","PRESSURE_SHOT","t1369.00","t1383.00","064__2025-09-20__TSC_vs_Greenwood__PRESSURE_SHOT__t1369.00-1383.00_portrait_FINAL","C:\Users\scott\soccer-video\out\autoframe_work\cinematic\064__2025-09-20__TSC_vs_Greenwood__PRESSURE_SHOT__t1369.00-1383.00_portrait_FINAL","False","False","True","False","False","False","",,,"C:\Users\scott\soccer-video\out\autoframe_work\cinematic\064__2025-09-20__TSC_vs_Greenwood__PRESSURE_SHOT__t1369.00-1383.00_portrait_FINAL\follow\stabilized.mp4"
"065|2025-09-20|TSC|RVFC|BUILD_UP_PLAY_SHOT|t1158.00|t1182.00","065","2025-09-20","TSC","RVFC","BUILD_UP_PLAY_SHOT","t1158.00","t1182.00","065__2025-09-20__TSC_vs_RVFC__BUILD_UP_PLAY_SHOT__t1158.00-1182.00_portrait_FINAL","C:\Users\scott\soccer-video\out\autoframe_work\cinematic\065__2025-09-20__TSC_vs_RVFC__BUILD_UP_PLAY_SHOT__t1158.00-1182.00_portrait_FINAL","False","False","True","False","False","False","",,,"C:\Users\scott\soccer-video\out\autoframe_work\cinematic\065__2025-09-20__TSC_vs_RVFC__BUILD_UP_PLAY_SHOT__t1158.00-1182.00_portrait_FINAL\follow\stabilized.mp4"
"066|2025-09-13|TSC|NEOFC|GOAL|t2816.60|t2831.80","066","2025-09-13","TSC","NEOFC","GOAL","t2816.60","t2831.80","066__2025-09-13__TSC_vs_NEOFC__GOAL__t2816.60-t2831.80_portrait_FINAL","C:\Users\scott\soccer-video\out\autoframe_work\cinematic\066__2025-09-13__TSC_vs_NEOFC__GOAL__t2816.60-t2831.80_portrait_FINAL","False","False","True","False","False","False","",,,"C:\Users\scott\soccer-video\out\autoframe_work\cinematic\066__2025-09-13__TSC_vs_NEOFC__GOAL__t2816.60-t2831.80_portrait_FINAL\follow\stabilized.mp4"
"067|2025-09-20|TSC|Greenwood|PRESSURE_SHOT|t1393.00|t1409.00","067","2025-09-20","TSC","Greenwood","PRESSURE_SHOT","t1393.00","t1409.00","067__2025-09-20__TSC_vs_Greenwood__PRESSURE_SHOT__t1393.00-1409.00_portrait_FINAL","C:\Users\scott\soccer-video\out\autoframe_work\cinematic\067__2025-09-20__TSC_vs_Greenwood__PRESSURE_SHOT__t1393.00-1409.00_portrait_FINAL","False","False","True","False","False","False","",,,"C:\Users\scott\soccer-video\out\autoframe_work\cinematic\067__2025-09-20__TSC_vs_Greenwood__PRESSURE_SHOT__t1393.00-1409.00_portrait_FINAL\follow\stabilized.mp4"
"068|2025-09-20|TSC|RVFC|SHOT|t1236.00|t1243.00","068","2025-09-20","TSC","RVFC","SHOT","t1236.00","t1243.00","068__2025-09-20__TSC_vs_RVFC__SHOT__t1236.00-1243.00_portrait_FINAL","C:\Users\scott\soccer-video\out\autoframe_work\cinematic\068__2025-09-20__TSC_vs_RVFC__SHOT__t1236.00-1243.00_portrait_FINAL","False","False","True","False","False","False","",,,"C:\Users\scott\soccer-video\out\autoframe_work\cinematic\068__2025-09-20__TSC_vs_RVFC__SHOT__t1236.00-1243.00_portrait_FINAL\follow\stabilized.mp4"
"069|2025-09-13|TSC|NEOFC|SHOT|t2860.70|t2873.00","069","2025-09-13","TSC","NEOFC","SHOT","t2860.70","t2873.00","069__2025-09-13__TSC_vs_NEOFC__SHOT__t2860.70-t2873.00_portrait_FINAL","C:\Users\scott\soccer-video\out\autoframe_work\cinematic\069__2025-09-13__TSC_vs_NEOFC__SHOT__t2860.70-t2873.00_portrait_FINAL","False","False","True","False","False","False","",,,"C:\Users\scott\soccer-video\out\autoframe_work\cinematic\069__2025-09-13__TSC_vs_NEOFC__SHOT__t2860.70-t2873.00_portrait_FINAL\follow\stabilized.mp4"
"070|2025-09-20|TSC|Greenwood|BUILD_UP_PLAY_SHOT|t1437.00|t1472.00","070","2025-09-20","TSC","Greenwood","BUILD_UP_PLAY_SHOT","t1437.00","t1472.00","070__2025-09-20__TSC_vs_Greenwood__BUILD_UP_PLAY_SHOT__t1437.00-1472.00_portrait_FINAL","C:\Users\scott\soccer-video\out\autoframe_work\cinematic\070__2025-09-20__TSC_vs_Greenwood__BUILD_UP_PLAY_SHOT__t1437.00-1472.00_portrait_FINAL","False","False","True","False","False","False","",,,"C:\Users\scott\soccer-video\out\autoframe_work\cinematic\070__2025-09-20__TSC_vs_Greenwood__BUILD_UP_PLAY_SHOT__t1437.00-1472.00_portrait_FINAL\follow\stabilized.mp4"
"071|2025-09-20|TSC|RVFC|CROSS|t1275.00|t1293.00","071","2025-09-20","TSC","RVFC","CROSS","t1275.00","t1293.00","071__2025-09-20__TSC_vs_RVFC__CROSS__t1275.00-1293.00_portrait_FINAL","C:\Users\scott\soccer-video\out\autoframe_work\cinematic\071__2025-09-20__TSC_vs_RVFC__CROSS__t1275.00-1293.00_portrait_FINAL","False","False","True","False","False","False","",,,"C:\Users\scott\soccer-video\out\autoframe_work\cinematic\071__2025-09-20__TSC_vs_RVFC__CROSS__t1275.00-1293.00_portrait_FINAL\follow\stabilized.mp4"
"072|2025-09-20|TSC|Greenwood|GOAL|t1578.00|t1586.00","072","2025-09-20","TSC","Greenwood","GOAL","t1578.00","t1586.00","072__2025-09-20__TSC_vs_Greenwood__GOAL__t1578.00-1586.00_portrait_FINAL","C:\Users\scott\soccer-video\out\autoframe_work\cinematic\072__2025-09-20__TSC_vs_Greenwood__GOAL__t1578.00-1586.00_portrait_FINAL","False","False","True","False","False","False","",,,"C:\Users\scott\soccer-video\out\autoframe_work\cinematic\072__2025-09-20__TSC_vs_Greenwood__GOAL__t1578.00-1586.00_portrait_FINAL\follow\stabilized.mp4"
"073|2025-09-20|TSC|RVFC|PRESSURE_SHOT|t1300.00|t1310.00","073","2025-09-20","TSC","RVFC","PRESSURE_SHOT","t1300.00","t1310.00","073__2025-09-20__TSC_vs_RVFC__PRESSURE_SHOT__t1300.00-1310.00_portrait_FINAL","C:\Users\scott\soccer-video\out\autoframe_work\cinematic\073__2025-09-20__TSC_vs_RVFC__PRESSURE_SHOT__t1300.00-1310.00_portrait_FINAL","False","False","True","False","False","False","",,,"C:\Users\scott\soccer-video\out\autoframe_work\cinematic\073__2025-09-20__TSC_vs_RVFC__PRESSURE_SHOT__t1300.00-1310.00_portrait_FINAL\follow\stabilized.mp4"
"074|1970-01-01|HOME|AWAY|SHOT|t3028.10|t3059.70","074","1970-01-01","HOME","AWAY","SHOT","t3028.10","t3059.70","074__1970-01-01__HOME_vs_AWAY__SHOT__t3028.10-3059.70_portrait_FINAL","C:\Users\scott\soccer-video\out\autoframe_work\cinematic\074__1970-01-01__HOME_vs_AWAY__SHOT__t3028.10-3059.70_portrait_FINAL","False","False","True","False","False","False","",,,"C:\Users\scott\soccer-video\out\autoframe_work\cinematic\074__1970-01-01__HOME_vs_AWAY__SHOT__t3028.10-3059.70_portrait_FINAL\follow\stabilized.mp4"
"075|2025-09-13|TSC|NEOFC|SHOT|t3098.90|t3108.80","075","2025-09-13","TSC","NEOFC","SHOT","t3098.90","t3108.80","075__2025-09-13__TSC_vs_NEOFC__SHOT__t3098.90-3108.80_portrait_FINAL","C:\Users\scott\soccer-video\out\autoframe_work\cinematic\075__2025-09-13__TSC_vs_NEOFC__SHOT__t3098.90-3108.80_portrait_FINAL","False","False","True","False","False","False","",,,"C:\Users\scott\soccer-video\out\autoframe_work\cinematic\075__2025-09-13__TSC_vs_NEOFC__SHOT__t3098.90-3108.80_portrait_FINAL\follow\stabilized.mp4"
"076|2025-09-20|TSC|Greenwood|BUILD_UP_PLAY_SHOT|t1711.00|t1722.00","076","2025-09-20","TSC","Greenwood","BUILD_UP_PLAY_SHOT","t1711.00","t1722.00","076__2025-09-20__TSC_vs_Greenwood__BUILD_UP_PLAY_SHOT__t1711.00-1722.00_portrait_FINAL","C:\Users\scott\soccer-video\out\autoframe_work\cinematic\076__2025-09-20__TSC_vs_Greenwood__BUILD_UP_PLAY_SHOT__t1711.00-1722.00_portrait_FINAL","False","False","True","False","False","False","",,,"C:\Users\scott\soccer-video\out\autoframe_work\cinematic\076__2025-09-20__TSC_vs_Greenwood__BUILD_UP_PLAY_SHOT__t1711.00-1722.00_portrait_FINAL\follow\stabilized.mp4"
"077|2025-09-20|TSC|RVFC|PRESSURE_SHOT|t1316.00|t1329.00","077","2025-09-20","TSC","RVFC","PRESSURE_SHOT","t1316.00","t1329.00","077__2025-09-20__TSC_vs_RVFC__PRESSURE_SHOT__t1316.00-1329.00_portrait_FINAL","C:\Users\scott\soccer-video\out\autoframe_work\cinematic\077__2025-09-20__TSC_vs_RVFC__PRESSURE_SHOT__t1316.00-1329.00_portrait_FINAL","False","False","True","False","False","False","",,,"C:\Users\scott\soccer-video\out\autoframe_work\cinematic\077__2025-09-20__TSC_vs_RVFC__PRESSURE_SHOT__t1316.00-1329.00_portrait_FINAL\follow\stabilized.mp4"
"078|2025-09-20|TSC|Greenwood|PRESSURE_SHOT|t1871.00|t1881.00","078","2025-09-20","TSC","Greenwood","PRESSURE_SHOT","t1871.00","t1881.00","078__2025-09-20__TSC_vs_Greenwood__PRESSURE_SHOT__t1871.00-1881.00_portrait_FINAL","C:\Users\scott\soccer-video\out\autoframe_work\cinematic\078__2025-09-20__TSC_vs_Greenwood__PRESSURE_SHOT__t1871.00-1881.00_portrait_FINAL","False","False","True","False","False","False","",,,"C:\Users\scott\soccer-video\out\autoframe_work\cinematic\078__2025-09-20__TSC_vs_Greenwood__PRESSURE_SHOT__t1871.00-1881.00_portrait_FINAL\follow\stabilized.mp4"
"079|2025-09-20|TSC|RVFC|FREE_KICK|t1402.00|t1421.00","079","2025-09-20","TSC","RVFC","FREE_KICK","t1402.00","t1421.00","079__2025-09-20__TSC_vs_RVFC__FREE_KICK__t1402.00-1421.00_portrait_FINAL","C:\Users\scott\soccer-video\out\autoframe_work\cinematic\079__2025-09-20__TSC_vs_RVFC__FREE_KICK__t1402.00-1421.00_portrait_FINAL","False","False","True","False","False","False","",,,"C:\Users\scott\soccer-video\out\autoframe_work\cinematic\079__2025-09-20__TSC_vs_RVFC__FREE_KICK__t1402.00-1421.00_portrait_FINAL\follow\stabilized.mp4"
"080|2025-09-20|TSC|Greenwood|GOAL|t1885.00|t1895.00","080","2025-09-20","TSC","Greenwood","GOAL","t1885.00","t1895.00","080__2025-09-20__TSC_vs_Greenwood__GOAL__t1885.00-1895.00_portrait_FINAL","C:\Users\scott\soccer-video\out\autoframe_work\cinematic\080__2025-09-20__TSC_vs_Greenwood__GOAL__t1885.00-1895.00_portrait_FINAL","False","False","True","False","False","False","",,,"C:\Users\scott\soccer-video\out\autoframe_work\cinematic\080__2025-09-20__TSC_vs_Greenwood__GOAL__t1885.00-1895.00_portrait_FINAL\follow\stabilized.mp4"
"081|2025-09-20|TSC|RVFC|PRESSURE_GOAL|t1512.00|t1520.00","081","2025-09-20","TSC","RVFC","PRESSURE_GOAL","t1512.00","t1520.00","081__2025-09-20__TSC_vs_RVFC__PRESSURE_GOAL__t1512.00-1520.00_portrait_FINAL","C:\Users\scott\soccer-video\out\autoframe_work\cinematic\081__2025-09-20__TSC_vs_RVFC__PRESSURE_GOAL__t1512.00-1520.00_portrait_FINAL","False","False","True","False","False","False","",,,"C:\Users\scott\soccer-video\out\autoframe_work\cinematic\081__2025-09-20__TSC_vs_RVFC__PRESSURE_GOAL__t1512.00-1520.00_portrait_FINAL\follow\stabilized.mp4"
"082|2025-09-20|TSC|Greenwood|PRESSURE_SHOT|t1951.00|t1962.00","082","2025-09-20","TSC","Greenwood","PRESSURE_SHOT","t1951.00","t1962.00","082__2025-09-20__TSC_vs_Greenwood__PRESSURE_SHOT__t1951.00-1962.00_portrait_FINAL","C:\Users\scott\soccer-video\out\autoframe_work\cinematic\082__2025-09-20__TSC_vs_Greenwood__PRESSURE_SHOT__t1951.00-1962.00_portrait_FINAL","False","False","True","False","False","False","",,,"C:\Users\scott\soccer-video\out\autoframe_work\cinematic\082__2025-09-20__TSC_vs_Greenwood__PRESSURE_SHOT__t1951.00-1962.00_portrait_FINAL\follow\stabilized.mp4"
"083|2025-09-20|TSC|RVFC|DRIBBLING_SHOT|t1800.00|t1810.00","083","2025-09-20","TSC","RVFC","DRIBBLING_SHOT","t1800.00","t1810.00","083__2025-09-20__TSC_vs_RVFC__DRIBBLING_SHOT__t1800.00-1810.00_portrait_FINAL","C:\Users\scott\soccer-video\out\autoframe_work\cinematic\083__2025-09-20__TSC_vs_RVFC__DRIBBLING_SHOT__t1800.00-1810.00_portrait_FINAL","False","False","True","False","False","False","",,,"C:\Users\scott\soccer-video\out\autoframe_work\cinematic\083__2025-09-20__TSC_vs_RVFC__DRIBBLING_SHOT__t1800.00-1810.00_portrait_FINAL\follow\stabilized.mp4"
"084|2025-09-20|TSC|Greenwood|BUILD_UP_PLAY_SHOT|t2040.00|t2058.00","084","2025-09-20","TSC","Greenwood","BUILD_UP_PLAY_SHOT","t2040.00","t2058.00","084__2025-09-20__TSC_vs_Greenwood__BUILD_UP_PLAY_SHOT__t2040.00-2058.00_portrait_FINAL","C:\Users\scott\soccer-video\out\autoframe_work\cinematic\084__2025-09-20__TSC_vs_Greenwood__BUILD_UP_PLAY_SHOT__t2040.00-2058.00_portrait_FINAL","False","False","True","False","False","False","",,,"C:\Users\scott\soccer-video\out\autoframe_work\cinematic\084__2025-09-20__TSC_vs_Greenwood__BUILD_UP_PLAY_SHOT__t2040.00-2058.00_portrait_FINAL\follow\stabilized.mp4"
"085|2025-09-20|TSC|RVFC|SHOT|t1827.00|t1834.00","085","2025-09-20","TSC","RVFC","SHOT","t1827.00","t1834.00","085__2025-09-20__TSC_vs_RVFC__SHOT__t1827.00-1834.00_portrait_FINAL","C:\Users\scott\soccer-video\out\autoframe_work\cinematic\085__2025-09-20__TSC_vs_RVFC__SHOT__t1827.00-1834.00_portrait_FINAL","False","False","True","False","False","False","",,,"C:\Users\scott\soccer-video\out\autoframe_work\cinematic\085__2025-09-20__TSC_vs_RVFC__SHOT__t1827.00-1834.00_portrait_FINAL\follow\stabilized.mp4"
"086|2025-09-20|TSC|Greenwood|BUILD_UP_PLAY_SHOT|t2092.00|t2105.00","086","2025-09-20","TSC","Greenwood","BUILD_UP_PLAY_SHOT","t2092.00","t2105.00","086__2025-09-20__TSC_vs_Greenwood__BUILD_UP_PLAY_SHOT__t2092.00-2105.00_portrait_FINAL","C:\Users\scott\soccer-video\out\autoframe_work\cinematic\086__2025-09-20__TSC_vs_Greenwood__BUILD_UP_PLAY_SHOT__t2092.00-2105.00_portrait_FINAL","False","False","True","False","False","False","",,,"C:\Users\scott\soccer-video\out\autoframe_work\cinematic\086__2025-09-20__TSC_vs_Greenwood__BUILD_UP_PLAY_SHOT__t2092.00-2105.00_portrait_FINAL\follow\stabilized.mp4"
"087|2025-09-20|TSC|RVFC|CORNER|t1852.00|t1875.00","087","2025-09-20","TSC","RVFC","CORNER","t1852.00","t1875.00","087__2025-09-20__TSC_vs_RVFC__CORNER__t1852.00-1875.00_portrait_FINAL","C:\Users\scott\soccer-video\out\autoframe_work\cinematic\087__2025-09-20__TSC_vs_RVFC__CORNER__t1852.00-1875.00_portrait_FINAL","False","False","True","False","False","False","",,,"C:\Users\scott\soccer-video\out\autoframe_work\cinematic\087__2025-09-20__TSC_vs_RVFC__CORNER__t1852.00-1875.00_portrait_FINAL\follow\stabilized.mp4"
"088|2025-09-20|TSC|Greenwood|BUILD_UP_PLAY_SHOT|t2134.00|t2152.00","088","2025-09-20","TSC","Greenwood","BUILD_UP_PLAY_SHOT","t2134.00","t2152.00","088__2025-09-20__TSC_vs_Greenwood__BUILD_UP_PLAY_SHOT__t2134.00-2152.00_portrait_FINAL","C:\Users\scott\soccer-video\out\autoframe_work\cinematic\088__2025-09-20__TSC_vs_Greenwood__BUILD_UP_PLAY_SHOT__t2134.00-2152.00_portrait_FINAL","False","False","True","False","False","False","",,,"C:\Users\scott\soccer-video\out\autoframe_work\cinematic\088__2025-09-20__TSC_vs_Greenwood__BUILD_UP_PLAY_SHOT__t2134.00-2152.00_portrait_FINAL\follow\stabilized.mp4"
"089|2025-09-20|TSC|RVFC|PRESSURE_SHOT|t1883.00|t1893.00","089","2025-09-20","TSC","RVFC","PRESSURE_SHOT","t1883.00","t1893.00","089__2025-09-20__TSC_vs_RVFC__PRESSURE_SHOT__t1883.00-1893.00_portrait_FINAL","C:\Users\scott\soccer-video\out\autoframe_work\cinematic\089__2025-09-20__TSC_vs_RVFC__PRESSURE_SHOT__t1883.00-1893.00_portrait_FINAL","False","False","True","False","False","False","",,,"C:\Users\scott\soccer-video\out\autoframe_work\cinematic\089__2025-09-20__TSC_vs_RVFC__PRESSURE_SHOT__t1883.00-1893.00_portrait_FINAL\follow\stabilized.mp4"
"090|2025-09-20|TSC|Greenwood|FREE_KICK_WON_GOAL|t2175.00|t2211.00","090","2025-09-20","TSC","Greenwood","FREE_KICK_WON_GOAL","t2175.00","t2211.00","090__2025-09-20__TSC_vs_Greenwood__FREE_KICK_WON_GOAL__t2175.00-2211.00_portrait_FINAL","C:\Users\scott\soccer-video\out\autoframe_work\cinematic\090__2025-09-20__TSC_vs_Greenwood__FREE_KICK_WON_GOAL__t2175.00-2211.00_portrait_FINAL","False","False","True","False","False","False","",,,"C:\Users\scott\soccer-video\out\autoframe_work\cinematic\090__2025-09-20__TSC_vs_Greenwood__FREE_KICK_WON_GOAL__t2175.00-2211.00_portrait_FINAL\follow\stabilized.mp4"
"091|2025-09-20|TSC|RVFC|PRESSURE_SHOT|t1898.00|t1911.00","091","2025-09-20","TSC","RVFC","PRESSURE_SHOT","t1898.00","t1911.00","091__2025-09-20__TSC_vs_RVFC__PRESSURE_SHOT__t1898.00-1911.00_portrait_FINAL","C:\Users\scott\soccer-video\out\autoframe_work\cinematic\091__2025-09-20__TSC_vs_RVFC__PRESSURE_SHOT__t1898.00-1911.00_portrait_FINAL","False","False","True","False","False","False","",,,"C:\Users\scott\soccer-video\out\autoframe_work\cinematic\091__2025-09-20__TSC_vs_RVFC__PRESSURE_SHOT__t1898.00-1911.00_portrait_FINAL\follow\stabilized.mp4"
"092|2025-09-20|TSC|Greenwood|BUILD_UP_PLAY_SHOT|t2245.00|t2266.00","092","2025-09-20","TSC","Greenwood","BUILD_UP_PLAY_SHOT","t2245.00","t2266.00","092__2025-09-20__TSC_vs_Greenwood__BUILD_UP_PLAY_SHOT__t2245.00-2266.00_portrait_FINAL","C:\Users\scott\soccer-video\out\autoframe_work\cinematic\092__2025-09-20__TSC_vs_Greenwood__BUILD_UP_PLAY_SHOT__t2245.00-2266.00_portrait_FINAL","False","False","True","False","False","False","",,,"C:\Users\scott\soccer-video\out\autoframe_work\cinematic\092__2025-09-20__TSC_vs_Greenwood__BUILD_UP_PLAY_SHOT__t2245.00-2266.00_portrait_FINAL\follow\stabilized.mp4"
"093|2025-09-20|TSC|RVFC|PRESSURE_SHOT|t1964.00|t1975.00","093","2025-09-20","TSC","RVFC","PRESSURE_SHOT","t1964.00","t1975.00","093__2025-09-20__TSC_vs_RVFC__PRESSURE_SHOT__t1964.00-1975.00_portrait_FINAL","C:\Users\scott\soccer-video\out\autoframe_work\cinematic\093__2025-09-20__TSC_vs_RVFC__PRESSURE_SHOT__t1964.00-1975.00_portrait_FINAL","False","False","True","False","False","False","",,,"C:\Users\scott\soccer-video\out\autoframe_work\cinematic\093__2025-09-20__TSC_vs_RVFC__PRESSURE_SHOT__t1964.00-1975.00_portrait_FINAL\follow\stabilized.mp4"
"094|2025-09-20|TSC|Greenwood|BUILD_UP_PLAY_SHOT|t2544.00|t2561.00","094","2025-09-20","TSC","Greenwood","BUILD_UP_PLAY_SHOT","t2544.00","t2561.00","094__2025-09-20__TSC_vs_Greenwood__BUILD_UP_PLAY_SHOT__t2544.00-2561.00_portrait_FINAL","C:\Users\scott\soccer-video\out\autoframe_work\cinematic\094__2025-09-20__TSC_vs_Greenwood__BUILD_UP_PLAY_SHOT__t2544.00-2561.00_portrait_FINAL","False","False","True","False","False","False","",,,"C:\Users\scott\soccer-video\out\autoframe_work\cinematic\094__2025-09-20__TSC_vs_Greenwood__BUILD_UP_PLAY_SHOT__t2544.00-2561.00_portrait_FINAL\follow\stabilized.mp4"
"095|2025-09-20|TSC|RVFC|BUILD_UP_PLAY_SHOT|t2034.00|t2057.00","095","2025-09-20","TSC","RVFC","BUILD_UP_PLAY_SHOT","t2034.00","t2057.00","095__2025-09-20__TSC_vs_RVFC__BUILD_UP_PLAY_SHOT__t2034.00-2057.00_portrait_FINAL","C:\Users\scott\soccer-video\out\autoframe_work\cinematic\095__2025-09-20__TSC_vs_RVFC__BUILD_UP_PLAY_SHOT__t2034.00-2057.00_portrait_FINAL","False","False","True","False","False","False","",,,"C:\Users\scott\soccer-video\out\autoframe_work\cinematic\095__2025-09-20__TSC_vs_RVFC__BUILD_UP_PLAY_SHOT__t2034.00-2057.00_portrait_FINAL\follow\stabilized.mp4"
"096|2025-09-20|TSC|Greenwood|GOAL|t2562.00|t2582.00","096","2025-09-20","TSC","Greenwood","GOAL","t2562.00","t2582.00","096__2025-09-20__TSC_vs_Greenwood__GOAL__t2562.00-2582.00_portrait_FINAL","C:\Users\scott\soccer-video\out\autoframe_work\cinematic\096__2025-09-20__TSC_vs_Greenwood__GOAL__t2562.00-2582.00_portrait_FINAL","False","False","True","False","False","False","",,,"C:\Users\scott\soccer-video\out\autoframe_work\cinematic\096__2025-09-20__TSC_vs_Greenwood__GOAL__t2562.00-2582.00_portrait_FINAL\follow\stabilized.mp4"
"097|2025-09-20|TSC|RVFC|BUILD_UP_PLAY_SHOT|t2131.00|t2150.00","097","2025-09-20","TSC","RVFC","BUILD_UP_PLAY_SHOT","t2131.00","t2150.00","097__2025-09-20__TSC_vs_RVFC__BUILD_UP_PLAY_SHOT__t2131.00-2150.00_portrait_FINAL","C:\Users\scott\soccer-video\out\autoframe_work\cinematic\097__2025-09-20__TSC_vs_RVFC__BUILD_UP_PLAY_SHOT__t2131.00-2150.00_portrait_FINAL","False","False","True","False","False","False","",,,"C:\Users\scott\soccer-video\out\autoframe_work\cinematic\097__2025-09-20__TSC_vs_RVFC__BUILD_UP_PLAY_SHOT__t2131.00-2150.00_portrait_FINAL\follow\stabilized.mp4"
"098|2025-09-20|TSC|Greenwood|PRESSURE_SHOT|t2646.00|t2665.00","098","2025-09-20","TSC","Greenwood","PRESSURE_SHOT","t2646.00","t2665.00","098__2025-09-20__TSC_vs_Greenwood__PRESSURE_SHOT__t2646.00-2665.00_portrait_FINAL","C:\Users\scott\soccer-video\out\autoframe_work\cinematic\098__2025-09-20__TSC_vs_Greenwood__PRESSURE_SHOT__t2646.00-2665.00_portrait_FINAL","False","False","True","False","False","False","",,,"C:\Users\scott\soccer-video\out\autoframe_work\cinematic\098__2025-09-20__TSC_vs_Greenwood__PRESSURE_SHOT__t2646.00-2665.00_portrait_FINAL\follow\stabilized.mp4"
"099|2025-09-20|TSC|RVFC|PRESSURE_GOAL|t2158.00|t2169.00","099","2025-09-20","TSC","RVFC","PRESSURE_GOAL","t2158.00","t2169.00","099__2025-09-20__TSC_vs_RVFC__PRESSURE_GOAL__t2158.00-2169.00_portrait_FINAL","C:\Users\scott\soccer-video\out\autoframe_work\cinematic\099__2025-09-20__TSC_vs_RVFC__PRESSURE_GOAL__t2158.00-2169.00_portrait_FINAL","False","False","True","False","False","False","",,,"C:\Users\scott\soccer-video\out\autoframe_work\cinematic\099__2025-09-20__TSC_vs_RVFC__PRESSURE_GOAL__t2158.00-2169.00_portrait_FINAL\follow\stabilized.mp4"
"100|2025-09-20|TSC|Greenwood|CORNER|t2687.00|t2701.00","100","2025-09-20","TSC","Greenwood","CORNER","t2687.00","t2701.00","100__2025-09-20__TSC_vs_Greenwood__CORNER__t2687.00-2701.00_portrait_FINAL","C:\Users\scott\soccer-video\out\autoframe_work\cinematic\100__2025-09-20__TSC_vs_Greenwood__CORNER__t2687.00-2701.00_portrait_FINAL","False","False","True","False","False","False","",,,"C:\Users\scott\soccer-video\out\autoframe_work\cinematic\100__2025-09-20__TSC_vs_Greenwood__CORNER__t2687.00-2701.00_portrait_FINAL\follow\stabilized.mp4"
"101|2025-09-20|TSC|RVFC|BUILD_UP_PLAY_SHOT|t2297.00|t2312.00","101","2025-09-20","TSC","RVFC","BUILD_UP_PLAY_SHOT","t2297.00","t2312.00","101__2025-09-20__TSC_vs_RVFC__BUILD_UP_PLAY_SHOT__t2297.00-2312.00_portrait_FINAL","C:\Users\scott\soccer-video\out\autoframe_work\cinematic\101__2025-09-20__TSC_vs_RVFC__BUILD_UP_PLAY_SHOT__t2297.00-2312.00_portrait_FINAL","False","False","True","False","False","False","",,,"C:\Users\scott\soccer-video\out\autoframe_work\cinematic\101__2025-09-20__TSC_vs_RVFC__BUILD_UP_PLAY_SHOT__t2297.00-2312.00_portrait_FINAL\follow\stabilized.mp4"
"102|2025-09-20|TSC|Greenwood|PRESSURE_SHOT|t2705.00|t2715.00","102","2025-09-20","TSC","Greenwood","PRESSURE_SHOT","t2705.00","t2715.00","102__2025-09-20__TSC_vs_Greenwood__PRESSURE_SHOT__t2705.00-2715.00_portrait_FINAL","C:\Users\scott\soccer-video\out\autoframe_work\cinematic\102__2025-09-20__TSC_vs_Greenwood__PRESSURE_SHOT__t2705.00-2715.00_portrait_FINAL","False","False","True","False","False","False","",,,"C:\Users\scott\soccer-video\out\autoframe_work\cinematic\102__2025-09-20__TSC_vs_Greenwood__PRESSURE_SHOT__t2705.00-2715.00_portrait_FINAL\follow\stabilized.mp4"
"103|2025-09-20|TSC|RVFC|PRESSURE_GOAL|t2348.00|t2367.00","103","2025-09-20","TSC","RVFC","PRESSURE_GOAL","t2348.00","t2367.00","103__2025-09-20__TSC_vs_RVFC__PRESSURE_GOAL__t2348.00-2367.00_portrait_FINAL","C:\Users\scott\soccer-video\out\autoframe_work\cinematic\103__2025-09-20__TSC_vs_RVFC__PRESSURE_GOAL__t2348.00-2367.00_portrait_FINAL","False","False","True","False","False","False","",,,"C:\Users\scott\soccer-video\out\autoframe_work\cinematic\103__2025-09-20__TSC_vs_RVFC__PRESSURE_GOAL__t2348.00-2367.00_portrait_FINAL\follow\stabilized.mp4"
"104|2025-09-20|TSC|Greenwood|PRESSURE_GOAL|t2729.00|t2749.00","104","2025-09-20","TSC","Greenwood","PRESSURE_GOAL","t2729.00","t2749.00","104__2025-09-20__TSC_vs_Greenwood__PRESSURE_GOAL__t2729.00-2749.00_portrait_FINAL","C:\Users\scott\soccer-video\out\autoframe_work\cinematic\104__2025-09-20__TSC_vs_Greenwood__PRESSURE_GOAL__t2729.00-2749.00_portrait_FINAL","False","False","True","False","False","False","",,,"C:\Users\scott\soccer-video\out\autoframe_work\cinematic\104__2025-09-20__TSC_vs_Greenwood__PRESSURE_GOAL__t2729.00-2749.00_portrait_FINAL\follow\stabilized.mp4"
"105|2025-09-20|TSC|RVFC|PRESSURE_SHOT|t2388.00|t2397.00","105","2025-09-20","TSC","RVFC","PRESSURE_SHOT","t2388.00","t2397.00","105__2025-09-20__TSC_vs_RVFC__PRESSURE_SHOT__t2388.00-2397.00_portrait_FINAL","C:\Users\scott\soccer-video\out\autoframe_work\cinematic\105__2025-09-20__TSC_vs_RVFC__PRESSURE_SHOT__t2388.00-2397.00_portrait_FINAL","False","False","True","False","False","False","",,,"C:\Users\scott\soccer-video\out\autoframe_work\cinematic\105__2025-09-20__TSC_vs_RVFC__PRESSURE_SHOT__t2388.00-2397.00_portrait_FINAL\follow\stabilized.mp4"
"106|2025-09-20|TSC|Greenwood|PRESSURE_SHOT|t2770.00|t2827.00","106","2025-09-20","TSC","Greenwood","PRESSURE_SHOT","t2770.00","t2827.00","106__2025-09-20__TSC_vs_Greenwood__PRESSURE_SHOT__t2770.00-2827.00_portrait_FINAL","C:\Users\scott\soccer-video\out\autoframe_work\cinematic\106__2025-09-20__TSC_vs_Greenwood__PRESSURE_SHOT__t2770.00-2827.00_portrait_FINAL","False","False","True","False","False","False","",,,"C:\Users\scott\soccer-video\out\autoframe_work\cinematic\106__2025-09-20__TSC_vs_Greenwood__PRESSURE_SHOT__t2770.00-2827.00_portrait_FINAL\follow\stabilized.mp4"
"107|2025-09-20|TSC|RVFC|PRESSURE_GOAL|t2411.00|t2431.00","107","2025-09-20","TSC","RVFC","PRESSURE_GOAL","t2411.00","t2431.00","107__2025-09-20__TSC_vs_RVFC__PRESSURE_GOAL__t2411.00-2431.00_portrait_FINAL","C:\Users\scott\soccer-video\out\autoframe_work\cinematic\107__2025-09-20__TSC_vs_RVFC__PRESSURE_GOAL__t2411.00-2431.00_portrait_FINAL","False","False","True","False","False","False","",,,"C:\Users\scott\soccer-video\out\autoframe_work\cinematic\107__2025-09-20__TSC_vs_RVFC__PRESSURE_GOAL__t2411.00-2431.00_portrait_FINAL\follow\stabilized.mp4"
"108|2025-09-20|TSC|Greenwood|BUILD_UP_PLAY_SHOT|t2894.00|t2914.00","108","2025-09-20","TSC","Greenwood","BUILD_UP_PLAY_SHOT","t2894.00","t2914.00","108__2025-09-20__TSC_vs_Greenwood__BUILD_UP_PLAY_SHOT__t2894.00-2914.00_portrait_FINAL","C:\Users\scott\soccer-video\out\autoframe_work\cinematic\108__2025-09-20__TSC_vs_Greenwood__BUILD_UP_PLAY_SHOT__t2894.00-2914.00_portrait_FINAL","False","False","True","False","False","False","",,,"C:\Users\scott\soccer-video\out\autoframe_work\cinematic\108__2025-09-20__TSC_vs_Greenwood__BUILD_UP_PLAY_SHOT__t2894.00-2914.00_portrait_FINAL\follow\stabilized.mp4"
"109|2025-09-20|TSC|RVFC|PRESSURE_GOAL|t2485.00|t2506.00","109","2025-09-20","TSC","RVFC","PRESSURE_GOAL","t2485.00","t2506.00","109__2025-09-20__TSC_vs_RVFC__PRESSURE_GOAL__t2485.00-2506.00_portrait_FINAL","C:\Users\scott\soccer-video\out\autoframe_work\cinematic\109__2025-09-20__TSC_vs_RVFC__PRESSURE_GOAL__t2485.00-2506.00_portrait_FINAL","False","False","True","False","False","False","",,,"C:\Users\scott\soccer-video\out\autoframe_work\cinematic\109__2025-09-20__TSC_vs_RVFC__PRESSURE_GOAL__t2485.00-2506.00_portrait_FINAL\follow\stabilized.mp4"
"110|2025-09-20|TSC|RVFC|BUILD_UP_PLAY_SHOT|t2571.00|t2599.00","110","2025-09-20","TSC","RVFC","BUILD_UP_PLAY_SHOT","t2571.00","t2599.00","110__2025-09-20__TSC_vs_RVFC__BUILD_UP_PLAY_SHOT__t2571.00-2599.00_portrait_FINAL","C:\Users\scott\soccer-video\out\autoframe_work\cinematic\110__2025-09-20__TSC_vs_RVFC__BUILD_UP_PLAY_SHOT__t2571.00-2599.00_portrait_FINAL","False","False","True","False","False","False","",,,"C:\Users\scott\soccer-video\out\autoframe_work\cinematic\110__2025-09-20__TSC_vs_RVFC__BUILD_UP_PLAY_SHOT__t2571.00-2599.00_portrait_FINAL\follow\stabilized.mp4"
"111|2025-09-20|TSC|RVFC|CORNER|t2712.00|t2722.00","111","2025-09-20","TSC","RVFC","CORNER","t2712.00","t2722.00","111__2025-09-20__TSC_vs_RVFC__CORNER__t2712.00-2722.00_portrait_FINAL","C:\Users\scott\soccer-video\out\autoframe_work\cinematic\111__2025-09-20__TSC_vs_RVFC__CORNER__t2712.00-2722.00_portrait_FINAL","False","False","True","False","False","False","",,,"C:\Users\scott\soccer-video\out\autoframe_work\cinematic\111__2025-09-20__TSC_vs_RVFC__CORNER__t2712.00-2722.00_portrait_FINAL\follow\stabilized.mp4"
"112|2025-09-20|TSC|RVFC|CORNER|t2765.00|t2783.00","112","2025-09-20","TSC","RVFC","CORNER","t2765.00","t2783.00","112__2025-09-20__TSC_vs_RVFC__CORNER__t2765.00-2783.00_portrait_FINAL","C:\Users\scott\soccer-video\out\autoframe_work\cinematic\112__2025-09-20__TSC_vs_RVFC__CORNER__t2765.00-2783.00_portrait_FINAL","False","False","True","False","False","False","",,,"C:\Users\scott\soccer-video\out\autoframe_work\cinematic\112__2025-09-20__TSC_vs_RVFC__CORNER__t2765.00-2783.00_portrait_FINAL\follow\stabilized.mp4"
"113|2025-09-20|TSC|RVFC|GOAL|t3010.00|t3028.00","113","2025-09-20","TSC","RVFC","GOAL","t3010.00","t3028.00","113__2025-09-20__TSC_vs_RVFC__GOAL__t3010.00-3028.00_portrait_FINAL","C:\Users\scott\soccer-video\out\autoframe_work\cinematic\113__2025-09-20__TSC_vs_RVFC__GOAL__t3010.00-3028.00_portrait_FINAL","False","False","True","False","False","False","",,,"C:\Users\scott\soccer-video\out\autoframe_work\cinematic\113__2025-09-20__TSC_vs_RVFC__GOAL__t3010.00-3028.00_portrait_FINAL\follow\stabilized.mp4"
"114|2025-09-20|TSC|RVFC|GOAL|t3051.00|t3066.00","114","2025-09-20","TSC","RVFC","GOAL","t3051.00","t3066.00","114__2025-09-20__TSC_vs_RVFC__GOAL__t3051.00-3066.00_portrait_FINAL","C:\Users\scott\soccer-video\out\autoframe_work\cinematic\114__2025-09-20__TSC_vs_RVFC__GOAL__t3051.00-3066.00_portrait_FINAL","False","False","True","False","False","False","",,,"C:\Users\scott\soccer-video\out\autoframe_work\cinematic\114__2025-09-20__TSC_vs_RVFC__GOAL__t3051.00-3066.00_portrait_FINAL\follow\stabilized.mp4"
