clip_path,portrait_path,render_done_at,render_preset,upscaled_path,upscale_done_at,branded_path,follow_brand_done_at,last_error,last_run_at
/home/user/soccer-video/nonexistent.mp4,,,,,2026-02-13T17:32:59+00:00,,,,2026-02-13T17:32:59+00:00
C:\Users\scott\OneDrive\SoccerVideoMedia\out\atomic_clips\2025-04-12__TSC_vs_Route_66\001__2025-04-12__TSC_vs_Route_66__DRIBBLING__t0.00-t18.00.mp4,C:\Users\scott\OneDrive\SoccerVideoMedia\out\portrait_reels\clean\001__2025-04-12__TSC_vs_Route_66__DRIBBLING__t0.00-t18.00__CINEMATIC_portrait_FINAL.mp4,2026-02-13T21:12:58+00:00,cinematic,C:\Users\scott\soccer-video\out\upscaled\001__2025-04-12__TSC_vs_Route_66__DRIBBLING__t0.00-t18.00__x2__lanczos.mp4,2026-02-12T12:49:42+00:00,,,,2026-02-13T21:12:58+00:00
C:\Users\scott\OneDrive\SoccerVideoMedia\out\atomic_clips\2025-04-12__TSC_vs_Route_66\002__2025-04-12__TSC_vs_Route_66__SHOT__t19.00-t28.00.mp4,C:\Users\scott\OneDrive\SoccerVideoMedia\out\portrait_reels\clean\002__2025-04-12__TSC_vs_Route_66__SHOT__t19.00-t28.00__CINEMATIC_portrait_FINAL.mp4,2026-02-13T21:13:52+00:00,cinematic,C:\Users\scott\soccer-video\out\upscaled\002__2025-04-12__TSC_vs_Route_66__SHOT__t19.00-t28.00__x2__lanczos.mp4,2026-02-12T12:52:49+00:00,,,,2026-02-13T21:13:52+00:00
C:\Users\scott\OneDrive\SoccerVideoMedia\out\atomic_clips\2025-04-12__TSC_vs_Route_66\003__2025-04-12__TSC_vs_Route_66__GOAL__t48.50-t58.00.mp4,C:\Users\scott\OneDrive\SoccerVideoMedia\out\portrait_reels\clean\003__2025-04-12__TSC_vs_Route_66__GOAL__t48.50-t58.00__CINEMATIC_portrait_FINAL.mp4,2026-02-13T21:14:50+00:00,cinematic,C:\Users\scott\soccer-video\out\upscaled\003__2025-04-12__TSC_vs_Route_66__GOAL__t48.50-t58.00__x2__lanczos.mp4,2026-02-12T12:54:35+00:00,,,,2026-02-13T21:14:50+00:00
C:\Users\scott\OneDrive\SoccerVideoMedia\out\atomic_clips\2025-04-12__TSC_vs_Route_66\004__2025-04-12__TSC_vs_Route_66__SHOT__t83.00-t96.00.mp4,C:\Users\scott\OneDrive\SoccerVideoMedia\out\portrait_reels\clean\004__2025-04-12__TSC_vs_Route_66__SHOT__t83.00-t96.00__CINEMATIC_portrait_FINAL.mp4,2026-02-13T21:16:08+00:00,cinematic,,,,,,2026-02-13T21:16:08+00:00
C:\Users\scott\OneDrive\SoccerVideoMedia\out\atomic_clips\2025-04-12__TSC_vs_Route_66\005__2025-04-12__TSC_vs_Route_66__PENALTY__t110.00-t122.00.mp4,C:\Users\scott\OneDrive\SoccerVideoMedia\out\portrait_reels\clean\005__2025-04-12__TSC_vs_Route_66__PENALTY__t110.00-t122.00__CINEMATIC_portrait_FINAL.mp4,2026-02-13T21:17:24+00:00,cinematic,,,,,,2026-02-13T21:17:24+00:00
C:\Users\scott\OneDrive\SoccerVideoMedia\out\atomic_clips\2025-04-12__TSC_vs_Route_66\006__2025-04-12__TSC_vs_Route_66__SHOT__t140.00-t144.50.mp4,C:\Users\scott\OneDrive\SoccerVideoMedia\out\portrait_reels\clean\006__2025-04-12__TSC_vs_Route_66__SHOT__t140.00-t144.50__CINEMATIC_portrait_FINAL.mp4,2026-02-13T21:17:54+00:00,cinematic,,,,,,2026-02-13T21:17:54+00:00
C:\Users\scott\OneDrive\SoccerVideoMedia\out\atomic_clips\2025-04-12__TSC_vs_Route_66\007__2025-04-12__TSC_vs_Route_66__HIGHLIGHT__t268.00-t283.50.mp4,C:\Users\scott\OneDrive\SoccerVideoMedia\out\portrait_reels\clean\007__2025-04-12__TSC_vs_Route_66__HIGHLIGHT__t268.00-t283.50__CINEMATIC_portrait_FINAL.mp4,2026-02-13T21:19:26+00:00,cinematic,,,,,,2026-02-13T21:19:26+00:00
C:\Users\scott\OneDrive\SoccerVideoMedia\out\atomic_clips\2025-04-12__TSC_vs_Route_66\008__2025-04-12__TSC_vs_Route_66__GOAL__t304.00-t331.00.mp4,C:\Users\scott\OneDrive\SoccerVideoMedia\out\portrait_reels\clean\008__2025-04-12__TSC_vs_Route_66__GOAL__t304.00-t331.00__CINEMATIC_portrait_FINAL.mp4,2026-02-13T21:21:50+00:00,cinematic,,,,,,2026-02-13T21:21:50+00:00
C:\Users\scott\OneDrive\SoccerVideoMedia\out\atomic_clips\2025-04-12__TSC_vs_Route_66\009__2025-04-12__TSC_vs_Route_66__GOAL__t332.00-t340.00.mp4,C:\Users\scott\OneDrive\SoccerVideoMedia\out\portrait_reels\clean\009__2025-04-12__TSC_vs_Route_66__GOAL__t332.00-t340.00__CINEMATIC_portrait_FINAL.mp4,2026-02-13T21:22:32+00:00,cinematic,,,,,,2026-02-13T21:22:32+00:00
C:\Users\scott\OneDrive\SoccerVideoMedia\out\atomic_clips\2025-05-17__TSC_vs_Arkansas\001__2025-05-17__TSC_vs_Arkansas__SHOT__t72.90-t87.10.mp4,C:\Users\scott\OneDrive\SoccerVideoMedia\out\portrait_reels\clean\001__2025-05-17__TSC_vs_Arkansas__SHOT__t72.90-t87.10__CINEMATIC_portrait_FINAL.mp4,2026-02-13T21:24:32+00:00,cinematic,,,,,,2026-02-13T21:24:32+00:00
C:\Users\scott\OneDrive\SoccerVideoMedia\out\atomic_clips\2025-05-17__TSC_vs_Arkansas\002__2025-05-17__TSC_vs_Arkansas__GOAL__t202.60-t217.50.mp4,C:\Users\scott\OneDrive\SoccerVideoMedia\out\portrait_reels\clean\002__2025-05-17__TSC_vs_Arkansas__GOAL__t202.60-t217.50__CINEMATIC_portrait_FINAL.mp4,2026-02-13T21:26:34+00:00,cinematic,,,,,,2026-02-13T21:26:34+00:00
C:\Users\scott\OneDrive\SoccerVideoMedia\out\atomic_clips\2025-05-17__TSC_vs_Arkansas\003__2025-05-17__TSC_vs_Arkansas__CROSS__t435.80-t443.10.mp4,C:\Users\scott\OneDrive\SoccerVideoMedia\out\portrait_reels\clean\003__2025-05-17__TSC_vs_Arkansas__CROSS__t435.80-t443.10__CINEMATIC_portrait_FINAL.mp4,2026-02-13T21:27:39+00:00,cinematic,,,,,,2026-02-13T21:27:39+00:00
C:\Users\scott\OneDrive\SoccerVideoMedia\out\atomic_clips\2025-05-17__TSC_vs_Arkansas\004__2025-05-17__TSC_vs_Arkansas__SHOT__t461.10-t474.00.mp4,C:\Users\scott\OneDrive\SoccerVideoMedia\out\portrait_reels\clean\004__2025-05-17__TSC_vs_Arkansas__SHOT__t461.10-t474.00__CINEMATIC_portrait_FINAL.mp4,2026-02-13T21:29:42+00:00,cinematic,,,,,,2026-02-13T21:29:42+00:00
C:\Users\scott\OneDrive\SoccerVideoMedia\out\atomic_clips\2025-05-17__TSC_vs_Arkansas\005__2025-05-17__TSC_vs_Arkansas__SHOT__t474.00-t480.10.mp4,C:\Users\scott\OneDrive\SoccerVideoMedia\out\portrait_reels\clean\005__2025-05-17__TSC_vs_Arkansas__SHOT__t474.00-t480.10__CINEMATIC_portrait_FINAL.mp4,2026-02-13T21:30:46+00:00,cinematic,,,,,,2026-02-13T21:30:46+00:00
C:\Users\scott\OneDrive\SoccerVideoMedia\out\atomic_clips\2025-05-17__TSC_vs_Arkansas\006__2025-05-17__TSC_vs_Arkansas__SHOT__t483.50-t505.50.mp4,C:\Users\scott\OneDrive\SoccerVideoMedia\out\portrait_reels\clean\006__2025-05-17__TSC_vs_Arkansas__SHOT__t483.50-t505.50__CINEMATIC_portrait_FINAL.mp4,2026-02-13T21:34:07+00:00,cinematic,,,,,,2026-02-13T21:34:07+00:00
C:\Users\scott\OneDrive\SoccerVideoMedia\out\atomic_clips\2025-05-17__TSC_vs_Arkansas\007__2025-05-17__TSC_vs_Arkansas__SHOT__t576.10-t583.10.mp4,C:\Users\scott\OneDrive\SoccerVideoMedia\out\portrait_reels\clean\007__2025-05-17__TSC_vs_Arkansas__SHOT__t576.10-t583.10__CINEMATIC_portrait_FINAL.mp4,2026-02-12T02:38:49+00:00,cinematic,,,,,,2026-02-12T02:38:49+00:00
C:\Users\scott\OneDrive\SoccerVideoMedia\out\atomic_clips\2025-05-17__TSC_vs_Arkansas\008__2025-05-17__TSC_vs_Arkansas__GOAL__t583.20-t590.70.mp4,C:\Users\scott\OneDrive\SoccerVideoMedia\out\portrait_reels\clean\008__2025-05-17__TSC_vs_Arkansas__GOAL__t583.20-t590.70__CINEMATIC_portrait_FINAL.mp4,2026-02-12T02:39:43+00:00,cinematic,,,,,,2026-02-12T02:39:43+00:00
C:\Users\scott\OneDrive\SoccerVideoMedia\out\atomic_clips\2025-05-17__TSC_vs_Arkansas\009__2025-05-17__TSC_vs_Arkansas__SHOT__t590.80-t603.20.mp4,C:\Users\scott\OneDrive\SoccerVideoMedia\out\portrait_reels\clean\009__2025-05-17__TSC_vs_Arkansas__SHOT__t590.80-t603.20__CINEMATIC_portrait_FINAL.mp4,2026-02-12T02:41:09+00:00,cinematic,,,,,,2026-02-12T02:41:09+00:00
C:\Users\scott\OneDrive\SoccerVideoMedia\out\atomic_clips\2025-09-13__TSC_vs_NEOFC\001__2025-09-13__TSC_vs_NEOFC__SHOT__t156-t166.__CINEMATIC.__CINEMATIC.__CINEMATIC.__CINEMATIC.__CINEMATIC.__CINEMATIC.__CINEMATIC.mp4,,,,,,,,render failed,2026-02-11T22:39:41+00:00
C:\Users\scott\OneDrive\SoccerVideoMedia\out\atomic_clips\2025-09-13__TSC_vs_NEOFC\002__2025-09-13__TSC_vs_NEOFC__GOAL__t180.80-t191.20.__DEBUG_FINAL_portrait_FINAL.__CINEMATIC.__CINEMATIC.__CINEMATIC.__CINEMATIC.__CINEMATIC.__CINEMATIC.__CINEMATIC.mp4,,,,,,,,render failed,2026-02-11T22:39:48+00:00
C:\Users\scott\OneDrive\SoccerVideoMedia\out\atomic_clips\2025-09-13__TSC_vs_NEOFC\003__2025-09-13__TSC_vs_NEOFC__BUILD_UP__t224.80-t248.70.__DEBUG_FINAL_portrait_FINAL.__CINEMATIC.__CINEMATIC.__CINEMATIC.__CINEMATIC.__CINEMATIC.__CINEMATIC.__CINEMATIC.mp4,,,,,,,,render failed,2026-02-11T22:40:02+00:00
C:\Users\scott\OneDrive\SoccerVideoMedia\out\atomic_clips\2025-09-13__TSC_vs_NEOFC\004__2025-09-13__TSC_vs_NEOFC__GOAL__t266.50-t283.10.__DEBUG_FINAL_portrait_FINAL.__CINEMATIC.__CINEMATIC.__CINEMATIC.__CINEMATIC.__CINEMATIC.__CINEMATIC.__CINEMATIC.mp4,,,,,,,,render failed,2026-02-11T22:40:13+00:00
C:\Users\scott\OneDrive\SoccerVideoMedia\out\atomic_clips\2025-09-13__TSC_vs_NEOFC\005__2025-09-13__TSC_vs_NEOFC__CORNER__t417.90-t431.60.__DEBUG_FINAL_portrait_FINAL.__CINEMATIC.__CINEMATIC.__CINEMATIC.__CINEMATIC.__CINEMATIC.__CINEMATIC.__CINEMATIC.mp4,,,,,,,,render failed,2026-02-11T22:40:22+00:00
C:\Users\scott\OneDrive\SoccerVideoMedia\out\atomic_clips\2025-09-13__TSC_vs_NEOFC\006__2025-09-13__TSC_vs_NEOFC__DEFENSE__t699.30-t711.50.__DEBUG_FINAL_portrait_FINAL.__CINEMATIC.__CINEMATIC.__CINEMATIC.__CINEMATIC.__CINEMATIC.__CINEMATIC.__CINEMATIC.mp4,,,,,,,,render failed,2026-02-11T22:40:31+00:00
C:\Users\scott\OneDrive\SoccerVideoMedia\out\atomic_clips\2025-09-13__TSC_vs_NEOFC\007__2025-09-13__TSC_vs_NEOFC__DRIBBLING__t982.00-t987.90_portrait_POST.__CINEMATIC.__CINEMATIC.__CINEMATIC.__CINEMATIC.__CINEMATIC.__CINEMATIC.__CINEMATIC.mp4,,,,,,,,render failed,2026-02-11T22:40:36+00:00
C:\Users\scott\OneDrive\SoccerVideoMedia\out\atomic_clips\2025-09-13__TSC_vs_NEOFC\008__2025-09-13__TSC_vs_NEOFC__SHOT__t1247.80-t1259.20_portrait_POST.__CINEMATIC.__CINEMATIC.__CINEMATIC.__CINEMATIC.__CINEMATIC.__CINEMATIC.__CINEMATIC.mp4,,,,,,,,render failed,2026-02-11T22:40:42+00:00
C:\Users\scott\OneDrive\SoccerVideoMedia\out\atomic_clips\2025-09-13__TSC_vs_NEOFC\009__2025-09-13__TSC_vs_NEOFC__SHOT__t1420.40-t1438.20_portrait_POST.__CINEMATIC.__CINEMATIC.__CINEMATIC.__CINEMATIC.__CINEMATIC.__CINEMATIC.__CINEMATIC.mp4,,,,,,,,render failed,2026-02-11T22:40:54+00:00
C:\Users\scott\OneDrive\SoccerVideoMedia\out\atomic_clips\2025-09-13__TSC_vs_NEOFC\010__2025-09-13__TSC_vs_NEOFC__CROSS__t1541.10-t1547.90_portrait_POST.__CINEMATIC.__CINEMATIC.__CINEMATIC.__CINEMATIC.__CINEMATIC.__CINEMATIC.__CINEMATIC.mp4,,,,,,,,render failed,2026-02-11T22:40:59+00:00
C:\Users\scott\OneDrive\SoccerVideoMedia\out\atomic_clips\2025-09-13__TSC_vs_NEOFC\011__2025-09-13__TSC_vs_NEOFC__SHOTS__t1655.00-t1670.30_portrait_POST.__CINEMATIC.__CINEMATIC.__CINEMATIC.__CINEMATIC.__CINEMATIC.__CINEMATIC.__CINEMATIC.mp4,,,,,,,,render failed,2026-02-11T22:41:09+00:00
C:\Users\scott\OneDrive\SoccerVideoMedia\out\atomic_clips\2025-09-13__TSC_vs_NEOFC\013__2025-09-13__TSC_vs_NEOFC__GOAL__t1767.50-t1772.60_portrait_POST.__CINEMATIC.__CINEMATIC.__CINEMATIC.__CINEMATIC.__CINEMATIC.__CINEMATIC.__CINEMATIC.mp4,,,,,,,,render failed,2026-02-11T22:41:15+00:00
C:\Users\scott\OneDrive\SoccerVideoMedia\out\atomic_clips\2025-09-13__TSC_vs_NEOFC\014__2025-09-13__TSC_vs_NEOFC__GOAL__t1904.20-t1925.20_portrait_POST.__CINEMATIC.__CINEMATIC.__CINEMATIC.__CINEMATIC.__CINEMATIC.__CINEMATIC.__CINEMATIC.mp4,,,,,,,,render failed,2026-02-11T22:41:31+00:00
C:\Users\scott\OneDrive\SoccerVideoMedia\out\atomic_clips\2025-09-13__TSC_vs_NEOFC\015__2025-09-13__TSC_vs_NEOFC__DRIBBLING__t1972.50-t1980.70_portrait_POST.__CINEMATIC.__CINEMATIC.__CINEMATIC.__CINEMATIC.__CINEMATIC.__CINEMATIC.__CINEMATIC.mp4,,,,,,,,render failed,2026-02-11T22:41:40+00:00
C:\Users\scott\OneDrive\SoccerVideoMedia\out\atomic_clips\2025-09-13__TSC_vs_NEOFC\016__2025-09-13__TSC_vs_NEOFC__SHOT__t2029.90-t2039.50_portrait_POST.__CINEMATIC.__CINEMATIC.__CINEMATIC.__CINEMATIC.__CINEMATIC.__CINEMATIC.__CINEMATIC.mp4,,,,,,,,render failed,2026-02-11T22:41:49+00:00
C:\Users\scott\OneDrive\SoccerVideoMedia\out\atomic_clips\2025-09-13__TSC_vs_NEOFC\017__2025-09-13__TSC_vs_NEOFC__SHOT__t2284.90-t2298.20_portrait_POST.__CINEMATIC.__CINEMATIC.__CINEMATIC.__CINEMATIC.__CINEMATIC.__CINEMATIC.__CINEMATIC.mp4,,,,,,,,render failed,2026-02-11T22:41:59+00:00
C:\Users\scott\OneDrive\SoccerVideoMedia\out\atomic_clips\2025-09-13__TSC_vs_NEOFC\018__2025-09-13__TSC_vs_NEOFC__SHOT__t2419.50-t2425.60_portrait_POST.__CINEMATIC.__CINEMATIC.__CINEMATIC.__CINEMATIC.__CINEMATIC.__CINEMATIC.__CINEMATIC.mp4,,,,,,,,render failed,2026-02-11T22:42:04+00:00
C:\Users\scott\OneDrive\SoccerVideoMedia\out\atomic_clips\2025-09-13__TSC_vs_NEOFC\019__2025-09-13__TSC_vs_NEOFC__SHOT__t2633.00-t2638.10_portrait_POST.__CINEMATIC.__CINEMATIC.__CINEMATIC.__CINEMATIC.__CINEMATIC.__CINEMATIC.__CINEMATIC.mp4,,,,,,,,render failed,2026-02-11T22:42:13+00:00
C:\Users\scott\OneDrive\SoccerVideoMedia\out\atomic_clips\2025-09-13__TSC_vs_NEOFC\020__2025-09-13__TSC_vs_NEOFC__GOAL__t2816.60-t2831.80_portrait_POST.__CINEMATIC.__CINEMATIC.__CINEMATIC.__CINEMATIC.__CINEMATIC.__CINEMATIC.__CINEMATIC.mp4,,,,,,,,render failed,2026-02-11T22:42:24+00:00
C:\Users\scott\OneDrive\SoccerVideoMedia\out\atomic_clips\2025-09-13__TSC_vs_NEOFC\021__2025-09-13__TSC_vs_NEOFC__SHOT__t2860.70-t2873.00_portrait_POST.__CINEMATIC.__CINEMATIC.__CINEMATIC.__CINEMATIC.__CINEMATIC.__CINEMATIC.__CINEMATIC.mp4,,,,,,,,render failed,2026-02-11T22:42:34+00:00
C:\Users\scott\OneDrive\SoccerVideoMedia\out\atomic_clips\2025-09-13__TSC_vs_NEOFC\023__2025-09-13__TSC_vs_NEOFC__SHOT__t3098.90-t3108.80_portrait_POST.__CINEMATIC.__CINEMATIC.__CINEMATIC.__CINEMATIC.__CINEMATIC.__CINEMATIC.__CINEMATIC.mp4,,,,,,,,render failed,2026-02-11T22:42:44+00:00
C:\Users\scott\OneDrive\SoccerVideoMedia\out\atomic_clips\2025-09-20__TSC_vs_Greenwood\001__2025-09-20__TSC_vs_Greenwood__BUILD_UP_PLAY_SHOT__t18900.00-t20340.00.__CINEMATIC.__CINEMATIC.__CINEMATIC.__CINEMATIC.__CINEMATIC.__CINEMATIC.__CINEMATIC.mp4,,,,,,,,render failed,2026-02-11T22:43:07+00:00
C:\Users\scott\OneDrive\SoccerVideoMedia\out\atomic_clips\2025-09-20__TSC_vs_Greenwood\002__2025-09-20__TSC_vs_Greenwood__GOAL__t20400.00-t21180.00.mp4,C:\Users\scott\OneDrive\SoccerVideoMedia\out\portrait_reels\clean\002__2025-09-20__TSC_vs_Greenwood__GOAL__t20400.00-t21180.00__CINEMATIC_portrait_FINAL.mp4,2026-02-12T02:42:21+00:00,cinematic,,,,,,2026-02-12T02:42:21+00:00
C:\Users\scott\OneDrive\SoccerVideoMedia\out\atomic_clips\2025-09-20__TSC_vs_Greenwood\003__2025-09-20__TSC_vs_Greenwood__BUILD_UP_PLAY_SHOT__t25260.00-t26460.00.mp4,C:\Users\scott\OneDrive\SoccerVideoMedia\out\portrait_reels\clean\003__2025-09-20__TSC_vs_Greenwood__BUILD_UP_PLAY_SHOT__t25260.00-t26460.00__CINEMATIC_portrait_FINAL.mp4,2026-02-12T02:45:24+00:00,cinematic,,,,,,2026-02-12T02:45:24+00:00
C:\Users\scott\OneDrive\SoccerVideoMedia\out\atomic_clips\2025-09-20__TSC_vs_Greenwood\004__2025-09-20__TSC_vs_Greenwood__PRESSURE_TWO_SHOTS__t26640.00-t27360.00.mp4,C:\Users\scott\OneDrive\SoccerVideoMedia\out\portrait_reels\clean\004__2025-09-20__TSC_vs_Greenwood__PRESSURE_TWO_SHOTS__t26640.00-t27360.00__CINEMATIC_portrait_FINAL.mp4,2026-02-12T02:47:17+00:00,cinematic,,,,,,2026-02-12T02:47:17+00:00
C:\Users\scott\OneDrive\SoccerVideoMedia\out\atomic_clips\2025-09-20__TSC_vs_Greenwood\005__2025-09-20__TSC_vs_Greenwood__WIN_FREE_KICK__t32280.00-t33180.00.mp4,C:\Users\scott\OneDrive\SoccerVideoMedia\out\portrait_reels\clean\005__2025-09-20__TSC_vs_Greenwood__WIN_FREE_KICK__t32280.00-t33180.00__CINEMATIC_portrait_FINAL.mp4,2026-02-12T02:48:26+00:00,cinematic,,,,,,2026-02-12T02:48:26+00:00
C:\Users\scott\OneDrive\SoccerVideoMedia\out\atomic_clips\2025-09-20__TSC_vs_Greenwood\006__2025-09-20__TSC_vs_Greenwood__BUILD_UP_PLAY_SHOT__t41100.00-t42480.00.mp4,C:\Users\scott\OneDrive\SoccerVideoMedia\out\portrait_reels\clean\006__2025-09-20__TSC_vs_Greenwood__BUILD_UP_PLAY_SHOT__t41100.00-t42480.00__CINEMATIC_portrait_FINAL.mp4,2026-02-12T02:51:34+00:00,cinematic,,,,,,2026-02-12T02:51:34+00:00
C:\Users\scott\OneDrive\SoccerVideoMedia\out\atomic_clips\2025-09-20__TSC_vs_Greenwood\007__2025-09-20__TSC_vs_Greenwood__DRIBBLING_SHOT__t44340.00-t45120.00.mp4,C:\Users\scott\OneDrive\SoccerVideoMedia\out\portrait_reels\clean\007__2025-09-20__TSC_vs_Greenwood__DRIBBLING_SHOT__t44340.00-t45120.00__CINEMATIC_portrait_FINAL.mp4,2026-02-12T02:52:39+00:00,cinematic,,,,,,2026-02-12T02:52:39+00:00
C:\Users\scott\OneDrive\SoccerVideoMedia\out\atomic_clips\2025-09-20__TSC_vs_Greenwood\008__2025-09-20__TSC_vs_Greenwood__PRESSURE_SHOT__t45240.00-t46980.00.mp4,C:\Users\scott\OneDrive\SoccerVideoMedia\out\portrait_reels\clean\008__2025-09-20__TSC_vs_Greenwood__PRESSURE_SHOT__t45240.00-t46980.00__CINEMATIC_portrait_FINAL.mp4,2026-02-12T02:56:50+00:00,cinematic,,,,,,2026-02-12T02:56:50+00:00
C:\Users\scott\OneDrive\SoccerVideoMedia\out\atomic_clips\2025-09-20__TSC_vs_Greenwood\009__2025-09-20__TSC_vs_Greenwood__PRESSURE_SHOT__t48120.00-t49080.00.mp4,C:\Users\scott\OneDrive\SoccerVideoMedia\out\portrait_reels\clean\009__2025-09-20__TSC_vs_Greenwood__PRESSURE_SHOT__t48120.00-t49080.00__CINEMATIC_portrait_FINAL.mp4,2026-02-12T02:59:10+00:00,cinematic,,,,,,2026-02-12T02:59:10+00:00
C:\Users\scott\OneDrive\SoccerVideoMedia\out\atomic_clips\2025-09-20__TSC_vs_Greenwood\010__2025-09-20__TSC_vs_Greenwood__DEFENSE_BUILD_UP__t49260.00-t50880.00.mp4,C:\Users\scott\OneDrive\SoccerVideoMedia\out\portrait_reels\clean\010__2025-09-20__TSC_vs_Greenwood__DEFENSE_BUILD_UP__t49260.00-t50880.00__CINEMATIC_portrait_FINAL.mp4,2026-02-12T03:03:06+00:00,cinematic,,,,,,2026-02-12T03:03:06+00:00
C:\Users\scott\OneDrive\SoccerVideoMedia\out\atomic_clips\2025-09-20__TSC_vs_Greenwood\011__2025-09-20__TSC_vs_Greenwood__GOAL__t54120.00-t54780.00.mp4,C:\Users\scott\OneDrive\SoccerVideoMedia\out\portrait_reels\clean\011__2025-09-20__TSC_vs_Greenwood__GOAL__t54120.00-t54780.00__CINEMATIC_portrait_FINAL.mp4,2026-02-12T03:04:03+00:00,cinematic,,,,,,2026-02-12T03:04:03+00:00
C:\Users\scott\OneDrive\SoccerVideoMedia\out\atomic_clips\2025-09-20__TSC_vs_Greenwood\012__2025-09-20__TSC_vs_Greenwood__BUILD_SHOT__t58380.00-t59220.00.mp4,C:\Users\scott\OneDrive\SoccerVideoMedia\out\portrait_reels\clean\012__2025-09-20__TSC_vs_Greenwood__BUILD_SHOT__t58380.00-t59220.00__CINEMATIC_portrait_FINAL.mp4,2026-02-12T03:06:04+00:00,cinematic,,,,,,2026-02-12T03:06:04+00:00
C:\Users\scott\OneDrive\SoccerVideoMedia\out\atomic_clips\2025-09-20__TSC_vs_Greenwood\013__2025-09-20__TSC_vs_Greenwood__PRESSURE_SHOT__t59280.00-t60060.00.mp4,C:\Users\scott\OneDrive\SoccerVideoMedia\out\portrait_reels\clean\013__2025-09-20__TSC_vs_Greenwood__PRESSURE_SHOT__t59280.00-t60060.00__CINEMATIC_portrait_FINAL.mp4,2026-02-12T03:08:07+00:00,cinematic,,,,,,2026-02-12T03:08:07+00:00
C:\Users\scott\OneDrive\SoccerVideoMedia\out\atomic_clips\2025-09-20__TSC_vs_Greenwood\014__2025-09-20__TSC_vs_Greenwood__PRESSURE_SHOT__t1063.00-t1073.00_portrait_POST.mp4,C:\Users\scott\OneDrive\SoccerVideoMedia\out\portrait_reels\clean\014__2025-09-20__TSC_vs_Greenwood__PRESSURE_SHOT__t1063.00-t1073.00_portrait_POST__CINEMATIC_portrait_FINAL.mp4,2026-02-12T03:09:44+00:00,cinematic,,,,,,2026-02-12T03:09:44+00:00
C:\Users\scott\OneDrive\SoccerVideoMedia\out\atomic_clips\2025-09-20__TSC_vs_Greenwood\015__2025-09-20__TSC_vs_Greenwood__SHOT__t1081.00-t1088.00_portrait_POST.mp4,C:\Users\scott\OneDrive\SoccerVideoMedia\out\portrait_reels\clean\015__2025-09-20__TSC_vs_Greenwood__SHOT__t1081.00-t1088.00_portrait_POST__CINEMATIC_portrait_FINAL.mp4,2026-02-12T03:10:52+00:00,cinematic,,,,,,2026-02-12T03:10:52+00:00
C:\Users\scott\OneDrive\SoccerVideoMedia\out\atomic_clips\2025-09-20__TSC_vs_Greenwood\016__2025-09-20__TSC_vs_Greenwood__BUILD_UP_PLAY_SHOT__t1195.00-t1209.00_portrait_POST.mp4,C:\Users\scott\OneDrive\SoccerVideoMedia\out\portrait_reels\clean\016__2025-09-20__TSC_vs_Greenwood__BUILD_UP_PLAY_SHOT__t1195.00-t1209.00_portrait_POST__CINEMATIC_portrait_FINAL.mp4,2026-02-12T03:11:59+00:00,cinematic,,,,,,2026-02-12T03:11:59+00:00
C:\Users\scott\OneDrive\SoccerVideoMedia\out\atomic_clips\2025-09-20__TSC_vs_Greenwood\017__2025-09-20__TSC_vs_Greenwood__PRESSURE_SHOT__t1212.00-t1224.00_portrait_POST.mp4,C:\Users\scott\OneDrive\SoccerVideoMedia\out\portrait_reels\clean\017__2025-09-20__TSC_vs_Greenwood__PRESSURE_SHOT__t1212.00-t1224.00_portrait_POST__CINEMATIC_portrait_FINAL.mp4,2026-02-12T03:13:50+00:00,cinematic,,,,,,2026-02-12T03:13:50+00:00
C:\Users\scott\OneDrive\SoccerVideoMedia\out\atomic_clips\2025-09-20__TSC_vs_Greenwood\018__2025-09-20__TSC_vs_Greenwood__BUILD_UP_PLAY_GOAL__t1292.00-t1329.00_portrait_POST.mp4,C:\Users\scott\OneDrive\SoccerVideoMedia\out\portrait_reels\clean\018__2025-09-20__TSC_vs_Greenwood__BUILD_UP_PLAY_GOAL__t1292.00-t1329.00_portrait_POST__CINEMATIC_portrait_FINAL.mp4,2026-02-12T03:19:07+00:00,cinematic,,,,,,2026-02-12T03:19:07+00:00
C:\Users\scott\OneDrive\SoccerVideoMedia\out\atomic_clips\2025-09-20__TSC_vs_Greenwood\019__2025-09-20__TSC_vs_Greenwood__PRESSURE_SHOT__t1369.00-t1383.00_portrait_POST.mp4,C:\Users\scott\OneDrive\SoccerVideoMedia\out\portrait_reels\clean\019__2025-09-20__TSC_vs_Greenwood__PRESSURE_SHOT__t1369.00-t1383.00_portrait_POST__CINEMATIC_portrait_FINAL.mp4,2026-02-12T03:21:11+00:00,cinematic,,,,,,2026-02-12T03:21:11+00:00
C:\Users\scott\OneDrive\SoccerVideoMedia\out\atomic_clips\2025-09-20__TSC_vs_Greenwood\020__2025-09-20__TSC_vs_Greenwood__PRESSURE_SHOT__t1393.00-t1409.00_portrait_POST.mp4,C:\Users\scott\OneDrive\SoccerVideoMedia\out\portrait_reels\clean\020__2025-09-20__TSC_vs_Greenwood__PRESSURE_SHOT__t1393.00-t1409.00_portrait_POST__CINEMATIC_portrait_FINAL.mp4,2026-02-12T03:23:36+00:00,cinematic,,,,,,2026-02-12T03:23:36+00:00
C:\Users\scott\OneDrive\SoccerVideoMedia\out\atomic_clips\2025-09-20__TSC_vs_Greenwood\022__2025-09-20__TSC_vs_Greenwood__GOAL__t1578.00-t1586.00_portrait_POST.__CINEMATIC.__CINEMATIC.__CINEMATIC.__CINEMATIC.__CINEMATIC.__CINEMATIC.__CINEMATIC.mp4,,,,,,,,render failed,2026-02-11T23:24:34+00:00
C:\Users\scott\OneDrive\SoccerVideoMedia\out\atomic_clips\2025-09-20__TSC_vs_Greenwood\024__2025-09-20__TSC_vs_Greenwood__PRESSURE_SHOT__t1871.00-t1881.00_portrait_POST.__CINEMATIC.__CINEMATIC.__CINEMATIC.__CINEMATIC.__CINEMATIC.__CINEMATIC.__CINEMATIC.mp4,,,,,,,,render failed,2026-02-11T23:24:41+00:00
C:\Users\scott\OneDrive\SoccerVideoMedia\out\atomic_clips\2025-09-20__TSC_vs_Greenwood\024__2025-09-20__TSC_vs_Greenwood__PRESSURE_SHOT__t2718000.00-t2754000.00.__CINEMATIC.__CINEMATIC.__CINEMATIC.__CINEMATIC.__CINEMATIC.__CINEMATIC.__CINEMATIC.mp4,,,,,,,,render failed,2026-02-11T23:25:04+00:00
C:\Users\scott\OneDrive\SoccerVideoMedia\out\atomic_clips\2025-09-20__TSC_vs_Greenwood\025__2025-09-20__TSC_vs_Greenwood__GOAL__t1885.00-t1895.00_portrait_POST.__CINEMATIC.__CINEMATIC.__CINEMATIC.__CINEMATIC.__CINEMATIC.__CINEMATIC.__CINEMATIC.mp4,,,,,,,,render failed,2026-02-11T23:25:12+00:00
C:\Users\scott\OneDrive\SoccerVideoMedia\out\atomic_clips\2025-09-20__TSC_vs_Greenwood\026__2025-09-20__TSC_vs_Greenwood__PRESSURE_SHOT__t1951.00-t1962.00_portrait_POST.__CINEMATIC.__CINEMATIC.__CINEMATIC.__CINEMATIC.__CINEMATIC.__CINEMATIC.__CINEMATIC.mp4,,,,,,,,render failed,2026-02-11T23:25:20+00:00
C:\Users\scott\OneDrive\SoccerVideoMedia\out\atomic_clips\2025-09-20__TSC_vs_Greenwood\033__2025-09-20__TSC_vs_Greenwood__GOAL__t2562.00-t2582.00_portrait_POST.__CINEMATIC.__CINEMATIC.__CINEMATIC.__CINEMATIC.__CINEMATIC.__CINEMATIC.__CINEMATIC.mp4,,,,,,,,render failed,2026-02-11T23:25:33+00:00
C:\Users\scott\OneDrive\SoccerVideoMedia\out\atomic_clips\2025-09-20__TSC_vs_Greenwood\034__2025-09-20__TSC_vs_Greenwood__PRESSURE_SHOT__t2646.00-t2665.00_portrait_POST.__CINEMATIC.__CINEMATIC.__CINEMATIC.__CINEMATIC.__CINEMATIC.__CINEMATIC.__CINEMATIC.mp4,,,,,,,,render failed,2026-02-11T23:25:47+00:00
C:\Users\scott\OneDrive\SoccerVideoMedia\out\atomic_clips\2025-09-20__TSC_vs_Greenwood\035__2025-09-20__TSC_vs_Greenwood__CORNER__t2687.00-t2701.00_portrait_POST.__CINEMATIC.__CINEMATIC.__CINEMATIC.__CINEMATIC.__CINEMATIC.__CINEMATIC.__CINEMATIC.mp4,,,,,,,,render failed,2026-02-11T23:25:58+00:00
C:\Users\scott\OneDrive\SoccerVideoMedia\out\atomic_clips\2025-09-20__TSC_vs_Greenwood\036__2025-09-20__TSC_vs_Greenwood__PRESSURE_SHOT__t2705.00-t2715.00_portrait_POST.__CINEMATIC.__CINEMATIC.__CINEMATIC.__CINEMATIC.__CINEMATIC.__CINEMATIC.__CINEMATIC.mp4,,,,,,,,render failed,2026-02-11T23:26:08+00:00
C:\Users\scott\OneDrive\SoccerVideoMedia\out\atomic_clips\2025-09-20__TSC_vs_Greenwood\037__2025-09-20__TSC_vs_Greenwood__PRESSURE_GOAL__t2729.00-t2749.00_portrait_POST.__CINEMATIC.__CINEMATIC.__CINEMATIC.__CINEMATIC.__CINEMATIC.__CINEMATIC.__CINEMATIC.mp4,,,,,,,,render failed,2026-02-11T23:26:22+00:00
C:\Users\scott\OneDrive\SoccerVideoMedia\out\atomic_clips\2025-09-20__TSC_vs_Greenwood\038__2025-09-20__TSC_vs_Greenwood__PRESSURE_SHOT__t2770.00-t2827.00_portrait_POST.__CINEMATIC.__CINEMATIC.__CINEMATIC.__CINEMATIC.__CINEMATIC.__CINEMATIC.__CINEMATIC.mp4,,,,,,,,render failed,2026-02-11T23:27:07+00:00
C:\Users\scott\OneDrive\SoccerVideoMedia\out\atomic_clips\2025-09-20__TSC_vs_RVFC\002__2025-09-20__TSC_vs_RVFC__PRESSURE_SHOT__t7920.00-t8880.00.mp4,,,,,,,,source not found,2026-02-12T16:25:48+00:00
C:\Users\scott\OneDrive\SoccerVideoMedia\out\atomic_clips\2025-09-20__TSC_vs_RVFC\003__2025-09-20__TSC_vs_RVFC__PRESSURE_SHOT__t15480.00-t16260.00.mp4,C:\Users\scott\OneDrive\SoccerVideoMedia\out\portrait_reels\clean\003__2025-09-20__TSC_vs_RVFC__PRESSURE_SHOT__t15480.00-t16260.00__CINEMATIC_portrait_FINAL.mp4,2026-02-12T03:25:27+00:00,cinematic,,,,,,2026-02-12T03:25:27+00:00
C:\Users\scott\OneDrive\SoccerVideoMedia\out\atomic_clips\2025-09-20__TSC_vs_RVFC\004__2025-09-20__TSC_vs_RVFC__PRESSURE_GOAL__t17880.00-t18720.00.mp4,C:\Users\scott\OneDrive\SoccerVideoMedia\out\portrait_reels\clean\004__2025-09-20__TSC_vs_RVFC__PRESSURE_GOAL__t17880.00-t18720.00__CINEMATIC_portrait_FINAL.mp4,2026-02-12T03:26:44+00:00,cinematic,,,,,,2026-02-12T03:26:44+00:00
C:\Users\scott\OneDrive\SoccerVideoMedia\out\atomic_clips\2025-09-20__TSC_vs_RVFC\005__2025-09-20__TSC_vs_RVFC__BUILD_UP_PLAY_SHOT__t21000.00-t22020.00.mp4,C:\Users\scott\OneDrive\SoccerVideoMedia\out\portrait_reels\clean\005__2025-09-20__TSC_vs_RVFC__BUILD_UP_PLAY_SHOT__t21000.00-t22020.00__CINEMATIC_portrait_FINAL.mp4,2026-02-12T03:28:20+00:00,cinematic,,,,,,2026-02-12T03:28:20+00:00
C:\Users\scott\OneDrive\SoccerVideoMedia\out\atomic_clips\2025-09-20__TSC_vs_RVFC\006__2025-09-20__TSC_vs_RVFC__SHOT__t31020.00-t31680.00.mp4,C:\Users\scott\OneDrive\SoccerVideoMedia\out\portrait_reels\clean\006__2025-09-20__TSC_vs_RVFC__SHOT__t31020.00-t31680.00__CINEMATIC_portrait_FINAL.mp4,2026-02-12T03:30:14+00:00,cinematic,,,,,,2026-02-12T03:30:14+00:00
C:\Users\scott\OneDrive\SoccerVideoMedia\out\atomic_clips\2025-09-20__TSC_vs_RVFC\007__2025-09-20__TSC_vs_RVFC__PRESSURE_GOAL__t31740.00-t32820.00.mp4,C:\Users\scott\OneDrive\SoccerVideoMedia\out\portrait_reels\clean\007__2025-09-20__TSC_vs_RVFC__PRESSURE_GOAL__t31740.00-t32820.00__CINEMATIC_portrait_FINAL.mp4,2026-02-12T03:31:52+00:00,cinematic,,,,,,2026-02-12T03:31:52+00:00
C:\Users\scott\OneDrive\SoccerVideoMedia\out\atomic_clips\2025-09-20__TSC_vs_RVFC\008__2025-09-20__TSC_vs_RVFC__BUILD_UP_PLAY_SHOT__t33900.00-t36000.00.mp4,C:\Users\scott\OneDrive\SoccerVideoMedia\out\portrait_reels\clean\008__2025-09-20__TSC_vs_RVFC__BUILD_UP_PLAY_SHOT__t33900.00-t36000.00__CINEMATIC_portrait_FINAL.mp4,2026-02-11T23:37:53+00:00,cinematic,,,,,,2026-02-11T23:37:53+00:00
C:\Users\scott\OneDrive\SoccerVideoMedia\out\atomic_clips\2025-09-20__TSC_vs_RVFC\009__2025-09-20__TSC_vs_RVFC__PRESSURE_SHOT__t36240.00-t37200.00.mp4,C:\Users\scott\OneDrive\SoccerVideoMedia\out\portrait_reels\clean\009__2025-09-20__TSC_vs_RVFC__PRESSURE_SHOT__t36240.00-t37200.00__CINEMATIC_portrait_FINAL.mp4,2026-02-11T23:39:15+00:00,cinematic,,,,,,2026-02-11T23:39:15+00:00
C:\Users\scott\OneDrive\SoccerVideoMedia\out\atomic_clips\2025-09-20__TSC_vs_RVFC\010__2025-09-20__TSC_vs_RVFC__PRESSURE_SHOT__t40500.00-t41340.00.mp4,C:\Users\scott\OneDrive\SoccerVideoMedia\out\portrait_reels\clean\010__2025-09-20__TSC_vs_RVFC__PRESSURE_SHOT__t40500.00-t41340.00__CINEMATIC_portrait_FINAL.mp4,2026-02-11T23:41:23+00:00,cinematic,,,,,,2026-02-11T23:41:23+00:00
C:\Users\scott\OneDrive\SoccerVideoMedia\out\atomic_clips\2025-09-20__TSC_vs_RVFC\011__2025-09-20__TSC_vs_RVFC__PRESSURE_SHOT__t41340.00-t42120.00.mp4,C:\Users\scott\OneDrive\SoccerVideoMedia\out\portrait_reels\clean\011__2025-09-20__TSC_vs_RVFC__PRESSURE_SHOT__t41340.00-t42120.00__CINEMATIC_portrait_FINAL.mp4,2026-02-11T23:42:29+00:00,cinematic,,,,,,2026-02-11T23:42:29+00:00
C:\Users\scott\OneDrive\SoccerVideoMedia\out\atomic_clips\2025-09-20__TSC_vs_RVFC\012__2025-09-20__TSC_vs_RVFC__BUILD_UP_PLAY_SHOT__t44760.00-t45420.00.mp4,C:\Users\scott\OneDrive\SoccerVideoMedia\out\portrait_reels\clean\012__2025-09-20__TSC_vs_RVFC__BUILD_UP_PLAY_SHOT__t44760.00-t45420.00__CINEMATIC_portrait_FINAL.mp4,2026-02-11T23:43:27+00:00,cinematic,,,,,,2026-02-11T23:43:27+00:00
C:\Users\scott\OneDrive\SoccerVideoMedia\out\atomic_clips\2025-09-20__TSC_vs_RVFC\013__2025-09-20__TSC_vs_RVFC__BUILD_UP_PLAY_SHOT__t49260.00-t51900.00.mp4,C:\Users\scott\OneDrive\SoccerVideoMedia\out\portrait_reels\clean\013__2025-09-20__TSC_vs_RVFC__BUILD_UP_PLAY_SHOT__t49260.00-t51900.00__CINEMATIC_portrait_FINAL.mp4,2026-02-11T23:46:53+00:00,cinematic,,,,,,2026-02-11T23:46:53+00:00
C:\Users\scott\OneDrive\SoccerVideoMedia\out\atomic_clips\2025-09-20__TSC_vs_RVFC\014__2025-09-20__TSC_vs_RVFC__DEFENSE_BUILD_UP__t52800.00-t53820.00.mp4,C:\Users\scott\OneDrive\SoccerVideoMedia\out\portrait_reels\clean\014__2025-09-20__TSC_vs_RVFC__DEFENSE_BUILD_UP__t52800.00-t53820.00__CINEMATIC_portrait_FINAL.mp4,2026-02-11T23:48:17+00:00,cinematic,,,,,,2026-02-11T23:48:17+00:00
C:\Users\scott\OneDrive\SoccerVideoMedia\out\atomic_clips\2025-09-20__TSC_vs_RVFC\015__2025-09-20__TSC_vs_RVFC__SHOT__t55800.00-t56220.00.mp4,C:\Users\scott\OneDrive\SoccerVideoMedia\out\portrait_reels\clean\015__2025-09-20__TSC_vs_RVFC__SHOT__t55800.00-t56220.00__CINEMATIC_portrait_FINAL.mp4,2026-02-11T23:49:25+00:00,cinematic,,,,,,2026-02-11T23:49:25+00:00
C:\Users\scott\OneDrive\SoccerVideoMedia\out\atomic_clips\2025-09-20__TSC_vs_RVFC\016__2025-09-20__TSC_vs_RVFC__BUILD_UP_PLAY_SHOT__t59940.00-t61320.00.mp4,C:\Users\scott\OneDrive\SoccerVideoMedia\out\portrait_reels\clean\016__2025-09-20__TSC_vs_RVFC__BUILD_UP_PLAY_SHOT__t59940.00-t61320.00__CINEMATIC_portrait_FINAL.mp4,2026-02-11T23:51:11+00:00,cinematic,,,,,,2026-02-11T23:51:11+00:00
C:\Users\scott\OneDrive\SoccerVideoMedia\out\atomic_clips\2025-09-20__TSC_vs_RVFC\017__2025-09-20__TSC_vs_RVFC__BUILD_UP_PLAY_SHOT__t1088.00-t1124.00_portrait_POST.mp4,C:\Users\scott\OneDrive\SoccerVideoMedia\out\portrait_reels\clean\017__2025-09-20__TSC_vs_RVFC__BUILD_UP_PLAY_SHOT__t1088.00-t1124.00_portrait_POST__CINEMATIC_portrait_FINAL.mp4,2026-02-11T23:53:57+00:00,cinematic,,,,,,2026-02-11T23:53:57+00:00
C:\Users\scott\OneDrive\SoccerVideoMedia\out\atomic_clips\2025-09-20__TSC_vs_RVFC\018__2025-09-20__TSC_vs_RVFC__DRIBBLING_SHOT__t1147.00-t1153.00_portrait_POST.mp4,C:\Users\scott\OneDrive\SoccerVideoMedia\out\portrait_reels\clean\018__2025-09-20__TSC_vs_RVFC__DRIBBLING_SHOT__t1147.00-t1153.00_portrait_POST__CINEMATIC_portrait_FINAL.mp4,2026-02-11T23:54:31+00:00,cinematic,,,,,,2026-02-11T23:54:31+00:00
C:\Users\scott\OneDrive\SoccerVideoMedia\out\atomic_clips\2025-09-20__TSC_vs_RVFC\019__2025-09-20__TSC_vs_RVFC__BUILD_UP_PLAY_SHOT__t1158.00-t1182.00_portrait_POST.mp4,C:\Users\scott\OneDrive\SoccerVideoMedia\out\portrait_reels\clean\019__2025-09-20__TSC_vs_RVFC__BUILD_UP_PLAY_SHOT__t1158.00-t1182.00_portrait_POST__CINEMATIC_portrait_FINAL.mp4,2026-02-11T23:56:14+00:00,cinematic,,,,,,2026-02-11T23:56:14+00:00
C:\Users\scott\OneDrive\SoccerVideoMedia\out\atomic_clips\2025-09-20__TSC_vs_RVFC\020__2025-09-20__TSC_vs_RVFC__SHOT__t1236.00-t1243.00_portrait_POST.mp4,C:\Users\scott\OneDrive\SoccerVideoMedia\out\portrait_reels\clean\020__2025-09-20__TSC_vs_RVFC__SHOT__t1236.00-t1243.00_portrait_POST__CINEMATIC_portrait_FINAL.mp4,2026-02-11T23:56:46+00:00,cinematic,,,,,,2026-02-11T23:56:46+00:00
C:\Users\scott\OneDrive\SoccerVideoMedia\out\atomic_clips\2025-09-20__TSC_vs_RVFC\021__2025-09-20__TSC_vs_RVFC__CROSS__t1275.00-t1293.00_portrait_POST.mp4,C:\Users\scott\OneDrive\SoccerVideoMedia\out\portrait_reels\clean\021__2025-09-20__TSC_vs_RVFC__CROSS__t1275.00-t1293.00_portrait_POST__CINEMATIC_portrait_FINAL.mp4,2026-02-11T23:58:02+00:00,cinematic,,,,,,2026-02-11T23:58:02+00:00
C:\Users\scott\OneDrive\SoccerVideoMedia\out\atomic_clips\2025-09-20__TSC_vs_RVFC\022__2025-09-20__TSC_vs_RVFC__PRESSURE_SHOT__t1300.00-t1310.00_portrait_POST.mp4,C:\Users\scott\OneDrive\SoccerVideoMedia\out\portrait_reels\clean\022__2025-09-20__TSC_vs_RVFC__PRESSURE_SHOT__t1300.00-t1310.00_portrait_POST__CINEMATIC_portrait_FINAL.mp4,2026-02-11T23:59:26+00:00,cinematic,,,,,,2026-02-11T23:59:26+00:00
C:\Users\scott\OneDrive\SoccerVideoMedia\out\atomic_clips\2025-09-20__TSC_vs_RVFC\023__2025-09-20__TSC_vs_RVFC__PRESSURE_SHOT__t1316.00-t1329.00_portrait_POST.mp4,C:\Users\scott\OneDrive\SoccerVideoMedia\out\portrait_reels\clean\023__2025-09-20__TSC_vs_RVFC__PRESSURE_SHOT__t1316.00-t1329.00_portrait_POST__CINEMATIC_portrait_FINAL.mp4,2026-02-12T00:01:12+00:00,cinematic,,,,,,2026-02-12T00:01:12+00:00
C:\Users\scott\OneDrive\SoccerVideoMedia\out\atomic_clips\2025-09-20__TSC_vs_RVFC\024__2025-09-20__TSC_vs_RVFC__FREE_KICK__t1402.00-t1421.00_portrait_POST.mp4,C:\Users\scott\OneDrive\SoccerVideoMedia\out\portrait_reels\clean\024__2025-09-20__TSC_vs_RVFC__FREE_KICK__t1402.00-t1421.00_portrait_POST__CINEMATIC_portrait_FINAL.mp4,2026-02-12T00:03:44+00:00,cinematic,,,,,,2026-02-12T00:03:44+00:00
C:\Users\scott\OneDrive\SoccerVideoMedia\out\atomic_clips\2025-09-20__TSC_vs_RVFC\025__2025-09-20__TSC_vs_RVFC__PRESSURE_GOAL__t1512.00-t1520.00_portrait_POST.__CINEMATIC.__CINEMATIC.__CINEMATIC.__CINEMATIC.__CINEMATIC.__CINEMATIC.__CINEMATIC.mp4,,,,,,,,render failed,2026-02-12T00:03:51+00:00
C:\Users\scott\OneDrive\SoccerVideoMedia\out\atomic_clips\2025-09-20__TSC_vs_RVFC\025__2025-09-20__TSC_vs_RVFC__PRESSURE_GOAL__t2203200.00-t2232000.00.__CINEMATIC.__CINEMATIC.__CINEMATIC.__CINEMATIC.__CINEMATIC.__CINEMATIC.__CINEMATIC.mp4,,,,,,,,render failed,2026-02-12T00:04:07+00:00
C:\Users\scott\OneDrive\SoccerVideoMedia\out\atomic_clips\2025-09-20__TSC_vs_RVFC\026__2025-09-20__TSC_vs_RVFC__DRIBBLING_SHOT__t1800.00-t1810.00_portrait_POST.__CINEMATIC.__CINEMATIC.__CINEMATIC.__CINEMATIC.__CINEMATIC.__CINEMATIC.__CINEMATIC.mp4,,,,,,,,render failed,2026-02-12T00:04:14+00:00
C:\Users\scott\OneDrive\SoccerVideoMedia\out\atomic_clips\2025-09-20__TSC_vs_RVFC\027__2025-09-20__TSC_vs_RVFC__SHOT__t1827.00-t1834.00_portrait_POST.__CINEMATIC.__CINEMATIC.__CINEMATIC.__CINEMATIC.__CINEMATIC.__CINEMATIC.__CINEMATIC.mp4,,,,,,,,render failed,2026-02-12T00:04:20+00:00
C:\Users\scott\OneDrive\SoccerVideoMedia\out\atomic_clips\2025-09-20__TSC_vs_RVFC\028__2025-09-20__TSC_vs_RVFC__CORNER__t1852.00-t1875.00_portrait_POST.__CINEMATIC.__CINEMATIC.__CINEMATIC.__CINEMATIC.__CINEMATIC.__CINEMATIC.__CINEMATIC.mp4,,,,,,,,render failed,2026-02-12T00:04:34+00:00
C:\Users\scott\OneDrive\SoccerVideoMedia\out\atomic_clips\2025-09-20__TSC_vs_RVFC\029__2025-09-20__TSC_vs_RVFC__PRESSURE_SHOT__t1883.00-t1893.00_portrait_POST.__CINEMATIC.__CINEMATIC.__CINEMATIC.__CINEMATIC.__CINEMATIC.__CINEMATIC.__CINEMATIC.mp4,,,,,,,,render failed,2026-02-12T00:04:42+00:00
C:\Users\scott\OneDrive\SoccerVideoMedia\out\atomic_clips\2025-09-20__TSC_vs_RVFC\030__2025-09-20__TSC_vs_RVFC__PRESSURE_SHOT__t1898.00-t1911.00_portrait_POST.__CINEMATIC.__CINEMATIC.__CINEMATIC.__CINEMATIC.__CINEMATIC.__CINEMATIC.__CINEMATIC.mp4,,,,,,,,render failed,2026-02-12T00:04:50+00:00
C:\Users\scott\OneDrive\SoccerVideoMedia\out\atomic_clips\2025-09-20__TSC_vs_RVFC\031__2025-09-20__TSC_vs_RVFC__PRESSURE_SHOT__t1964.00-t1975.00_portrait_POST.__CINEMATIC.__CINEMATIC.__CINEMATIC.__CINEMATIC.__CINEMATIC.__CINEMATIC.__CINEMATIC.mp4,,,,,,,,render failed,2026-02-12T00:04:58+00:00
C:\Users\scott\OneDrive\SoccerVideoMedia\out\atomic_clips\2025-09-20__TSC_vs_RVFC\032__2025-09-20__TSC_vs_RVFC__BUILD_UP_PLAY_SHOT__t2034.00-t2057.00_portrait_POST.__CINEMATIC.__CINEMATIC.__CINEMATIC.__CINEMATIC.__CINEMATIC.__CINEMATIC.__CINEMATIC.mp4,,,,,,,,render failed,2026-02-12T00:05:12+00:00
C:\Users\scott\OneDrive\SoccerVideoMedia\out\atomic_clips\2025-09-20__TSC_vs_RVFC\033__2025-09-20__TSC_vs_RVFC__BUILD_UP_PLAY_SHOT__t2131.00-t2150.00_portrait_POST.__CINEMATIC.__CINEMATIC.__CINEMATIC.__CINEMATIC.__CINEMATIC.__CINEMATIC.__CINEMATIC.mp4,,,,,,,,render failed,2026-02-12T00:05:22+00:00
C:\Users\scott\OneDrive\SoccerVideoMedia\out\atomic_clips\2025-09-20__TSC_vs_RVFC\034__2025-09-20__TSC_vs_RVFC__PRESSURE_GOAL__t2158.00-t2169.00_portrait_POST.__CINEMATIC.__CINEMATIC.__CINEMATIC.__CINEMATIC.__CINEMATIC.__CINEMATIC.__CINEMATIC.mp4,,,,,,,,render failed,2026-02-12T00:05:30+00:00
C:\Users\scott\OneDrive\SoccerVideoMedia\out\atomic_clips\2025-09-20__TSC_vs_RVFC\035__2025-09-20__TSC_vs_RVFC__BUILD_UP_PLAY_SHOT__t2297.00-t2312.00_portrait_POST.__CINEMATIC.__CINEMATIC.__CINEMATIC.__CINEMATIC.__CINEMATIC.__CINEMATIC.__CINEMATIC.mp4,,,,,,,,render failed,2026-02-12T00:05:39+00:00
C:\Users\scott\OneDrive\SoccerVideoMedia\out\atomic_clips\2025-09-20__TSC_vs_RVFC\036__2025-09-20__TSC_vs_RVFC__PRESSURE_GOAL__t2348.00-t2367.00_portrait_POST.__CINEMATIC.__CINEMATIC.__CINEMATIC.__CINEMATIC.__CINEMATIC.__CINEMATIC.__CINEMATIC.mp4,,,,,,,,render failed,2026-02-12T00:05:52+00:00
C:\Users\scott\OneDrive\SoccerVideoMedia\out\atomic_clips\2025-09-20__TSC_vs_RVFC\037__2025-09-20__TSC_vs_RVFC__PRESSURE_SHOT__t2388.00-t2397.00_portrait_POST.__CINEMATIC.__CINEMATIC.__CINEMATIC.__CINEMATIC.__CINEMATIC.__CINEMATIC.__CINEMATIC.mp4,,,,,,,,render failed,2026-02-12T00:05:58+00:00
C:\Users\scott\OneDrive\SoccerVideoMedia\out\atomic_clips\2025-09-20__TSC_vs_RVFC\038__2025-09-20__TSC_vs_RVFC__PRESSURE_GOAL__t2411.00-t2431.00_portrait_POST.__CINEMATIC.__CINEMATIC.__CINEMATIC.__CINEMATIC.__CINEMATIC.__CINEMATIC.__CINEMATIC.mp4,,,,,,,,render failed,2026-02-12T00:06:11+00:00
C:\Users\scott\OneDrive\SoccerVideoMedia\out\atomic_clips\2025-09-20__TSC_vs_RVFC\039__2025-09-20__TSC_vs_RVFC__PRESSURE_GOAL__t2485.00-t2506.00_portrait_POST.__CINEMATIC.__CINEMATIC.__CINEMATIC.__CINEMATIC.__CINEMATIC.__CINEMATIC.__CINEMATIC.mp4,,,,,,,,render failed,2026-02-12T00:06:24+00:00
C:\Users\scott\OneDrive\SoccerVideoMedia\out\atomic_clips\2025-09-20__TSC_vs_RVFC\040__2025-09-20__TSC_vs_RVFC__BUILD_UP_PLAY_SHOT__t2571.00-t2599.00_portrait_POST.__CINEMATIC.__CINEMATIC.__CINEMATIC.__CINEMATIC.__CINEMATIC.__CINEMATIC.__CINEMATIC.mp4,,,,,,,,render failed,2026-02-12T00:06:39+00:00
C:\Users\scott\OneDrive\SoccerVideoMedia\out\atomic_clips\2025-09-20__TSC_vs_RVFC\041__2025-09-20__TSC_vs_RVFC__CORNER__t2712.00-t2722.00_portrait_POST.__CINEMATIC.__CINEMATIC.__CINEMATIC.__CINEMATIC.__CINEMATIC.__CINEMATIC.__CINEMATIC.mp4,,,,,,,,render failed,2026-02-12T00:06:46+00:00
C:\Users\scott\OneDrive\SoccerVideoMedia\out\atomic_clips\2025-09-20__TSC_vs_RVFC\042__2025-09-20__TSC_vs_RVFC__CORNER__t2765.00-t2783.00_portrait_POST.__CINEMATIC.__CINEMATIC.__CINEMATIC.__CINEMATIC.__CINEMATIC.__CINEMATIC.__CINEMATIC.mp4,,,,,,,,render failed,2026-02-12T00:06:57+00:00
C:\Users\scott\OneDrive\SoccerVideoMedia\out\atomic_clips\2025-09-20__TSC_vs_RVFC\043__2025-09-20__TSC_vs_RVFC__GOAL__t3010.00-t3028.00_portrait_POST.__CINEMATIC.__CINEMATIC.__CINEMATIC.__CINEMATIC.__CINEMATIC.__CINEMATIC.__CINEMATIC.mp4,,,,,,,,render failed,2026-02-12T00:07:08+00:00
C:\Users\scott\OneDrive\SoccerVideoMedia\out\atomic_clips\2025-09-20__TSC_vs_RVFC\044__2025-09-20__TSC_vs_RVFC__GOAL__t3051.00-t3066.00_portrait_POST.__CINEMATIC.__CINEMATIC.__CINEMATIC.__CINEMATIC.__CINEMATIC.__CINEMATIC.__CINEMATIC.mp4,,,,,,,,render failed,2026-02-12T00:07:17+00:00
C:\Users\scott\OneDrive\SoccerVideoMedia\out\atomic_clips\2025-10-04__TSC_vs_FC\001__2025-10-04__TSC_vs_FC_Tulsa_Black__DRIBBLING__t23220.00-t24720.00.mp4,C:\Users\scott\OneDrive\SoccerVideoMedia\out\portrait_reels\clean\001__2025-10-04__TSC_vs_FC_Tulsa_Black__DRIBBLING__t23220.00-t24720.00__CINEMATIC_portrait_FINAL.mp4,2026-02-12T00:11:35+00:00,cinematic,,,,,,2026-02-12T00:11:35+00:00
C:\Users\scott\OneDrive\SoccerVideoMedia\out\atomic_clips\2025-10-04__TSC_vs_FC\001__2025-10-04__TSC_vs_FC_Tulsa_Black__DRIBBLING__t387-t412.mp4,,,,,,,,source not found,2026-02-12T16:25:48+00:00
C:\Users\scott\OneDrive\SoccerVideoMedia\out\atomic_clips\2025-10-04__TSC_vs_FC\002__2025-10-04__TSC_vs_FC_Tulsa_Black__BUILD_UP__t25260.00-t26940.00.mp4,C:\Users\scott\OneDrive\SoccerVideoMedia\out\portrait_reels\clean\002__2025-10-04__TSC_vs_FC_Tulsa_Black__BUILD_UP__t25260.00-t26940.00__CINEMATIC_portrait_FINAL.mp4,2026-02-12T00:15:05+00:00,cinematic,,,,,,2026-02-12T00:15:05+00:00
C:\Users\scott\OneDrive\SoccerVideoMedia\out\atomic_clips\2025-10-04__TSC_vs_FC\003__2025-10-04__TSC_vs_FC_Tulsa_Black__BUILD_UP__t27480.00-t29220.00.mp4,C:\Users\scott\OneDrive\SoccerVideoMedia\out\portrait_reels\clean\003__2025-10-04__TSC_vs_FC_Tulsa_Black__BUILD_UP__t27480.00-t29220.00__CINEMATIC_portrait_FINAL.mp4,2026-02-12T00:17:23+00:00,cinematic,,,,,,2026-02-12T00:17:23+00:00
C:\Users\scott\OneDrive\SoccerVideoMedia\out\atomic_clips\2025-10-04__TSC_vs_FC\004__2025-10-04__TSC_vs_FC_Tulsa_Black__BUILD_UP__t29700.00-t30780.00.mp4,C:\Users\scott\OneDrive\SoccerVideoMedia\out\portrait_reels\clean\004__2025-10-04__TSC_vs_FC_Tulsa_Black__BUILD_UP__t29700.00-t30780.00__CINEMATIC_portrait_FINAL.mp4,2026-02-12T00:19:18+00:00,cinematic,,,,,,2026-02-12T00:19:18+00:00
C:\Users\scott\OneDrive\SoccerVideoMedia\out\atomic_clips\2025-10-04__TSC_vs_FC\005__2025-10-04__TSC_vs_FC_Tulsa_Black__SHOT__t36000.00-t36420.00.mp4,C:\Users\scott\OneDrive\SoccerVideoMedia\out\portrait_reels\clean\005__2025-10-04__TSC_vs_FC_Tulsa_Black__SHOT__t36000.00-t36420.00__CINEMATIC_portrait_FINAL.mp4,2026-02-12T00:19:50+00:00,cinematic,,,,,,2026-02-12T00:19:50+00:00
C:\Users\scott\OneDrive\SoccerVideoMedia\out\atomic_clips\2025-10-04__TSC_vs_FC\006__2025-10-04__TSC_vs_FC_Tulsa_Black__BUILD_UP_GOAL__t40440.00-t43020.00.__DEBUG.__CINEMATIC.__CINEMATIC.__CINEMATIC.__CINEMATIC.__CINEMATIC.__CINEMATIC.__CINEMATIC.mp4,,,,,,,,render failed,2026-02-12T00:20:15+00:00
C:\Users\scott\OneDrive\SoccerVideoMedia\out\atomic_clips\2025-10-04__TSC_vs_FC\007__2025-10-04__TSC_vs_FC_Tulsa_Black__BUILD_UP_SHOT__t46020.00-t47100.00.__CINEMATIC.__CINEMATIC.__CINEMATIC.__CINEMATIC.__CINEMATIC.__CINEMATIC.__CINEMATIC.mp4,,,,,,,,render failed,2026-02-12T00:20:27+00:00
C:\Users\scott\OneDrive\SoccerVideoMedia\out\atomic_clips\2025-10-04__TSC_vs_FC\008__2025-10-04__TSC_vs_FC_Tulsa_Black__BUILD_UP_SHOT__t61500.00-t62400.00.__CINEMATIC.__CINEMATIC.__CINEMATIC.__CINEMATIC.__CINEMATIC.__CINEMATIC.__CINEMATIC.mp4,,,,,,,,render failed,2026-02-12T00:20:37+00:00
C:\Users\scott\OneDrive\SoccerVideoMedia\out\atomic_clips\2025-10-04__TSC_vs_FC\009__2025-10-04__TSC_vs_FC_Tulsa_Black__PRESSURE_SHOT__t62760.00-t63420.00.__CINEMATIC.__CINEMATIC.__CINEMATIC.__CINEMATIC.__CINEMATIC.__CINEMATIC.__CINEMATIC.mp4,,,,,,,,render failed,2026-02-12T00:20:42+00:00
C:\Users\scott\OneDrive\SoccerVideoMedia\out\atomic_clips\2025-10-04__TSC_vs_FC\010__2025-10-04__TSC_vs_FC_Tulsa_Black__BUILD_UP_SHOT__t63480.00-t64800.00.__CINEMATIC.__CINEMATIC.__CINEMATIC.__CINEMATIC.__CINEMATIC.__CINEMATIC.__CINEMATIC.mp4,,,,,,,,render failed,2026-02-12T00:20:53+00:00
C:\Users\scott\OneDrive\SoccerVideoMedia\out\atomic_clips\2025-10-04__TSC_vs_FC\011__2025-10-04__TSC_vs_FC_Tulsa_Black__BUILD_UP_SHOT__t71880.00-t73320.00.__CINEMATIC.__CINEMATIC.__CINEMATIC.__CINEMATIC.__CINEMATIC.__CINEMATIC.__CINEMATIC.mp4,,,,,,,,render failed,2026-02-12T00:21:07+00:00
C:\Users\scott\OneDrive\SoccerVideoMedia\out\atomic_clips\2025-10-04__TSC_vs_FC\012__2025-10-04__TSC_vs_FC_Tulsa_Black__PRESSURE_GOAL__t74340.00-t75180.00.__CINEMATIC.__CINEMATIC.__CINEMATIC.__CINEMATIC.__CINEMATIC.__CINEMATIC.__CINEMATIC.mp4,,,,,,,,render failed,2026-02-12T00:21:15+00:00
C:\Users\scott\OneDrive\SoccerVideoMedia\out\atomic_clips\2025-10-04__TSC_vs_FC\013__2025-10-04__TSC_vs_FC_Tulsa_Black__BUILD_UP_PLAY__t77400.00-t78360.00.__CINEMATIC.__CINEMATIC.__CINEMATIC.__CINEMATIC.__CINEMATIC.__CINEMATIC.__CINEMATIC.mp4,,,,,,,,render failed,2026-02-12T00:21:24+00:00
C:\Users\scott\OneDrive\SoccerVideoMedia\out\atomic_clips\2025-10-12__TSC_SLSG_FallFestival\001__SHOT__t135.00-t145.00.__CINEMATIC.__CINEMATIC.__CINEMATIC.__CINEMATIC.__CINEMATIC.__CINEMATIC.__CINEMATIC.mp4,C:\Users\scott\OneDrive\SoccerVideoMedia\out\portrait_reels\clean\001__SHOT__t135.00-t145.00__CINEMATIC_portrait_FINAL.mp4,2026-02-12T00:22:17+00:00,cinematic,,,,,,2026-02-12T00:22:17+00:00
C:\Users\scott\OneDrive\SoccerVideoMedia\out\atomic_clips\2025-10-12__TSC_SLSG_FallFestival\002__SHOT__t185.00-t206.00.__CINEMATIC.__CINEMATIC.__CINEMATIC.__CINEMATIC.__CINEMATIC.__CINEMATIC.__CINEMATIC.mp4,C:\Users\scott\OneDrive\SoccerVideoMedia\out\portrait_reels\clean\002__SHOT__t185.00-t206.00__CINEMATIC_portrait_FINAL.mp4,2026-02-12T00:24:08+00:00,cinematic,,,,,,2026-02-12T00:24:08+00:00
C:\Users\scott\OneDrive\SoccerVideoMedia\out\atomic_clips\2025-10-12__TSC_SLSG_FallFestival\003__DEFENSE__t310.00-t342.00.__CINEMATIC.__CINEMATIC.__CINEMATIC.__CINEMATIC.__CINEMATIC.__CINEMATIC.__CINEMATIC.mp4,C:\Users\scott\OneDrive\SoccerVideoMedia\out\portrait_reels\clean\003__DEFENSE__t310.00-t342.00__CINEMATIC_portrait_FINAL.mp4,2026-02-12T00:26:49+00:00,cinematic,,,,,,2026-02-12T00:26:49+00:00
C:\Users\scott\OneDrive\SoccerVideoMedia\out\atomic_clips\2025-10-12__TSC_SLSG_FallFestival\005__GOAL__t1.855.00-t1.870.00.__CINEMATIC.__CINEMATIC.__CINEMATIC.__CINEMATIC.__CINEMATIC.__CINEMATIC.__CINEMATIC.mp4,C:\Users\scott\OneDrive\SoccerVideoMedia\out\portrait_reels\clean\005__GOAL__t1.855.00-t1.870.00__CINEMATIC_portrait_FINAL.mp4,2026-02-12T00:28:08+00:00,cinematic,,,,,,2026-02-12T00:28:08+00:00
C:\Users\scott\OneDrive\SoccerVideoMedia\out\atomic_clips\2025-10-12__TSC_SLSG_FallFestival\006__GOAL__t2.035.00-t2.054.00.__CINEMATIC.__CINEMATIC.__CINEMATIC.__CINEMATIC.__CINEMATIC.__CINEMATIC.__CINEMATIC.mp4,C:\Users\scott\OneDrive\SoccerVideoMedia\out\portrait_reels\clean\006__GOAL__t2.035.00-t2.054.00__CINEMATIC_portrait_FINAL.mp4,2026-02-12T00:29:49+00:00,cinematic,,,,,,2026-02-12T00:29:49+00:00
C:\Users\scott\OneDrive\SoccerVideoMedia\out\atomic_clips\2025-10-12__TSC_SLSG_FallFestival\007__CROSS__t2.212.00-t2.228.00.__CINEMATIC.__CINEMATIC.__CINEMATIC.__CINEMATIC.__CINEMATIC.__CINEMATIC.__CINEMATIC.mp4,C:\Users\scott\OneDrive\SoccerVideoMedia\out\portrait_reels\clean\007__CROSS__t2.212.00-t2.228.00__CINEMATIC_portrait_FINAL.mp4,2026-02-12T00:31:13+00:00,cinematic,,,,,,2026-02-12T00:31:13+00:00
C:\Users\scott\OneDrive\SoccerVideoMedia\out\atomic_clips\2025-10-12__TSC_SLSG_FallFestival\008__BUILD_UP__t2.438.00-t2.442.00.__CINEMATIC.__CINEMATIC.__CINEMATIC.__CINEMATIC.__CINEMATIC.__CINEMATIC.__CINEMATIC.mp4,C:\Users\scott\OneDrive\SoccerVideoMedia\out\portrait_reels\clean\008__BUILD_UP__t2.438.00-t2.442.00__CINEMATIC_portrait_FINAL.mp4,2026-02-12T00:31:35+00:00,cinematic,,,,,,2026-02-12T00:31:35+00:00
C:\Users\scott\OneDrive\SoccerVideoMedia\out\atomic_clips\2025-10-12__TSC_SLSG_FallFestival\009__BUILD_UP__t2.673.00-t2.685.00.__CINEMATIC.__CINEMATIC.__CINEMATIC.__CINEMATIC.__CINEMATIC.__CINEMATIC.__CINEMATIC.mp4,C:\Users\scott\OneDrive\SoccerVideoMedia\out\portrait_reels\clean\009__BUILD_UP__t2.673.00-t2.685.00__CINEMATIC_portrait_FINAL.mp4,2026-02-12T00:32:39+00:00,cinematic,,,,,,2026-02-12T00:32:39+00:00
C:\Users\scott\OneDrive\SoccerVideoMedia\out\atomic_clips\2025-10-12__TSC_SLSG_FallFestival\010__PRESSURE__t2.694.00-t2.706.00.__CINEMATIC.__CINEMATIC.__CINEMATIC.__CINEMATIC.__CINEMATIC.__CINEMATIC.__CINEMATIC.mp4,C:\Users\scott\OneDrive\SoccerVideoMedia\out\portrait_reels\clean\010__PRESSURE__t2.694.00-t2.706.00__CINEMATIC_portrait_FINAL.mp4,2026-02-12T00:33:43+00:00,cinematic,,,,,,2026-02-12T00:33:43+00:00
C:\Users\scott\OneDrive\SoccerVideoMedia\out\atomic_clips\2025-10-12__TSC_SLSG_FallFestival\011__PRESSURE__t2.711.00-t2.736.00.__CINEMATIC.__CINEMATIC.__CINEMATIC.__CINEMATIC.__CINEMATIC.__CINEMATIC.__CINEMATIC.mp4,C:\Users\scott\OneDrive\SoccerVideoMedia\out\portrait_reels\clean\011__PRESSURE__t2.711.00-t2.736.00__CINEMATIC_portrait_FINAL.mp4,2026-02-12T00:35:54+00:00,cinematic,,,,,,2026-02-12T00:35:54+00:00
C:\Users\scott\OneDrive\SoccerVideoMedia\out\atomic_clips\2025-10-12__TSC_vs_SLSG\001__2025-10-12__TSC_vs_SLSG__SHOT__t135.00-t145.00.mp4,,,,,,,,source not found,2026-02-12T16:25:48+00:00
C:\Users\scott\OneDrive\SoccerVideoMedia\out\atomic_clips\2025-10-14__TSC_vs_BASC\001__2025-10-14__TSC_vs_BASC__CROSS__t1008.30-t1017.20.mp4,C:\Users\scott\OneDrive\SoccerVideoMedia\out\portrait_reels\clean\001__2025-10-14__TSC_vs_BASC__CROSS__t1008.30-t1017.20__CINEMATIC_portrait_FINAL.mp4,2026-02-12T00:36:58+00:00,cinematic,,,,,,2026-02-12T00:36:58+00:00
C:\Users\scott\OneDrive\SoccerVideoMedia\out\atomic_clips\2025-10-14__TSC_vs_BASC\002__2025-10-14__TSC_vs_BASC__SHOT__t1099.50-t1107.20.mp4,C:\Users\scott\OneDrive\SoccerVideoMedia\out\portrait_reels\clean\002__2025-10-14__TSC_vs_BASC__SHOT__t1099.50-t1107.20__CINEMATIC_portrait_FINAL.mp4,2026-02-12T00:37:28+00:00,cinematic,,,,,,2026-02-12T00:37:28+00:00
C:\Users\scott\OneDrive\SoccerVideoMedia\out\atomic_clips\2025-10-14__TSC_vs_BASC\003__2025-10-14__TSC_vs_BASC__SHOT__t1252.70-t1274.70.mp4,C:\Users\scott\OneDrive\SoccerVideoMedia\out\portrait_reels\clean\003__2025-10-14__TSC_vs_BASC__SHOT__t1252.70-t1274.70__CINEMATIC_portrait_FINAL.mp4,2026-02-12T00:38:48+00:00,cinematic,,,,,,2026-02-12T00:38:48+00:00
C:\Users\scott\OneDrive\SoccerVideoMedia\out\atomic_clips\2025-10-14__TSC_vs_BASC\004__2025-10-14__TSC_vs_BASC__GOAL__t1295.60-t1307.80.mp4,C:\Users\scott\OneDrive\SoccerVideoMedia\out\portrait_reels\clean\004__2025-10-14__TSC_vs_BASC__GOAL__t1295.60-t1307.80__CINEMATIC_portrait_FINAL.mp4,2026-02-12T00:39:34+00:00,cinematic,,,,,,2026-02-12T00:39:34+00:00
C:\Users\scott\OneDrive\SoccerVideoMedia\out\atomic_clips\2025-10-14__TSC_vs_BASC\005__2025-10-14__TSC_vs_BASC__SHOT__t1338.60-t1347.90.mp4,C:\Users\scott\OneDrive\SoccerVideoMedia\out\portrait_reels\clean\005__2025-10-14__TSC_vs_BASC__SHOT__t1338.60-t1347.90__CINEMATIC_portrait_FINAL.mp4,2026-02-12T00:40:11+00:00,cinematic,,,,,,2026-02-12T00:40:11+00:00
C:\Users\scott\OneDrive\SoccerVideoMedia\out\atomic_clips\2025-10-14__TSC_vs_BASC\006__2025-10-14__TSC_vs_BASC__SHOT__t1396.00-t1418.10.mp4,C:\Users\scott\OneDrive\SoccerVideoMedia\out\portrait_reels\clean\006__2025-10-14__TSC_vs_BASC__SHOT__t1396.00-t1418.10__CINEMATIC_portrait_FINAL.mp4,2026-02-12T00:41:32+00:00,cinematic,,,,,,2026-02-12T00:41:32+00:00
C:\Users\scott\OneDrive\SoccerVideoMedia\out\atomic_clips\2025-10-14__TSC_vs_BASC\007__2025-10-14__TSC_vs_BASC__GOAL__t1439.80-t1448.60.mp4,C:\Users\scott\OneDrive\SoccerVideoMedia\out\portrait_reels\clean\007__2025-10-14__TSC_vs_BASC__GOAL__t1439.80-t1448.60__CINEMATIC_portrait_FINAL.mp4,2026-02-12T00:42:38+00:00,cinematic,,,,,,2026-02-12T00:42:38+00:00
C:\Users\scott\OneDrive\SoccerVideoMedia\out\atomic_clips\2025-10-14__TSC_vs_BASC\008__2025-10-14__TSC_vs_BASC__SHOT__t1497.00-t1508.00.mp4,C:\Users\scott\OneDrive\SoccerVideoMedia\out\portrait_reels\clean\008__2025-10-14__TSC_vs_BASC__SHOT__t1497.00-t1508.00__CINEMATIC_portrait_FINAL.mp4,2026-02-12T00:43:22+00:00,cinematic,,,,,,2026-02-12T00:43:22+00:00
C:\Users\scott\OneDrive\SoccerVideoMedia\out\atomic_clips\2025-10-14__TSC_vs_BASC\009__2025-10-14__TSC_vs_BASC__SHOT__t1552.50-t1565.00.mp4,C:\Users\scott\OneDrive\SoccerVideoMedia\out\portrait_reels\clean\009__2025-10-14__TSC_vs_BASC__SHOT__t1552.50-t1565.00__CINEMATIC_portrait_FINAL.mp4,2026-02-12T00:44:08+00:00,cinematic,,,,,,2026-02-12T00:44:08+00:00
C:\Users\scott\OneDrive\SoccerVideoMedia\out\atomic_clips\2025-10-14__TSC_vs_BASC\010__2025-10-14__TSC_vs_BASC__GOAL__t1641.00-t1650.40.mp4,C:\Users\scott\OneDrive\SoccerVideoMedia\out\portrait_reels\clean\010__2025-10-14__TSC_vs_BASC__GOAL__t1641.00-t1650.40__CINEMATIC_portrait_FINAL.mp4,2026-02-12T00:44:44+00:00,cinematic,,,,,,2026-02-12T00:44:44+00:00
C:\Users\scott\OneDrive\SoccerVideoMedia\out\atomic_clips\2025-10-14__TSC_vs_BASC\011__2025-10-14__TSC_vs_BASC__SHOT__t1718.60-t1730.60.mp4,C:\Users\scott\OneDrive\SoccerVideoMedia\out\portrait_reels\clean\011__2025-10-14__TSC_vs_BASC__SHOT__t1718.60-t1730.60__CINEMATIC_portrait_FINAL.mp4,2026-02-12T00:45:27+00:00,cinematic,,,,,,2026-02-12T00:45:27+00:00
C:\Users\scott\OneDrive\SoccerVideoMedia\out\atomic_clips\2025-10-14__TSC_vs_BASC\012__2025-10-14__TSC_vs_BASC__GOAL__t1809.00-t1815.60.mp4,C:\Users\scott\OneDrive\SoccerVideoMedia\out\portrait_reels\clean\012__2025-10-14__TSC_vs_BASC__GOAL__t1809.00-t1815.60__CINEMATIC_portrait_FINAL.mp4,2026-02-12T00:46:16+00:00,cinematic,,,,,,2026-02-12T00:46:16+00:00
C:\Users\scott\OneDrive\SoccerVideoMedia\out\atomic_clips\2025-10-14__TSC_vs_BASC\013__2025-10-14__TSC_vs_BASC__GOAL__t1944.70-t1954.70.mp4,C:\Users\scott\OneDrive\SoccerVideoMedia\out\portrait_reels\clean\013__2025-10-14__TSC_vs_BASC__GOAL__t1944.70-t1954.70__CINEMATIC_portrait_FINAL.mp4,2026-02-12T00:46:55+00:00,cinematic,,,,,,2026-02-12T00:46:55+00:00
C:\Users\scott\OneDrive\SoccerVideoMedia\out\atomic_clips\2025-10-14__TSC_vs_BASC\014__2025-10-14__TSC_vs_BASC__SHOT__t1974.10-t1992.30.mp4,C:\Users\scott\OneDrive\SoccerVideoMedia\out\portrait_reels\clean\014__2025-10-14__TSC_vs_BASC__SHOT__t1974.10-t1992.30__CINEMATIC_portrait_FINAL.mp4,2026-02-12T00:48:02+00:00,cinematic,,,,,,2026-02-12T00:48:02+00:00
C:\Users\scott\OneDrive\SoccerVideoMedia\out\atomic_clips\2025-10-14__TSC_vs_BASC\015__2025-10-14__TSC_vs_BASC__SHOT__t2060.20-t2073.70.mp4,C:\Users\scott\OneDrive\SoccerVideoMedia\out\portrait_reels\clean\015__2025-10-14__TSC_vs_BASC__SHOT__t2060.20-t2073.70__CINEMATIC_portrait_FINAL.mp4,2026-02-12T00:48:53+00:00,cinematic,,,,,,2026-02-12T00:48:53+00:00
C:\Users\scott\OneDrive\SoccerVideoMedia\out\atomic_clips\2025-10-14__TSC_vs_BASC\016__2025-10-14__TSC_vs_BASC__GOAL__t2124.70-t2136.50.mp4,C:\Users\scott\OneDrive\SoccerVideoMedia\out\portrait_reels\clean\016__2025-10-14__TSC_vs_BASC__GOAL__t2124.70-t2136.50__CINEMATIC_portrait_FINAL.mp4,2026-02-12T00:49:37+00:00,cinematic,,,,,,2026-02-12T00:49:37+00:00
C:\Users\scott\OneDrive\SoccerVideoMedia\out\atomic_clips\2025-11-04__TSC_-_Navy_Oct_2025\001__Pressure & Build Up with a Great Cross__0_06_37-0_07_10.__CINEMATIC.__CINEMATIC.__CINEMATIC.__CINEMATIC.__CINEMATIC.__CINEMATIC.__CINEMATIC.mp4,,,,,,,,render failed,2026-02-12T00:49:54+00:00
"C:\Users\scott\OneDrive\SoccerVideoMedia\out\atomic_clips\2025-11-04__TSC_-_Navy_Oct_2025\002__Build Up, Cross and Shot__0_15_37-0_16_04.__CINEMATIC.__CINEMATIC.__CINEMATIC.__CINEMATIC.__CINEMATIC.__CINEMATIC.__CINEMATIC.mp4",,,,,,,,render failed,2026-02-12T00:51:56+00:00
"C:\Users\scott\OneDrive\SoccerVideoMedia\out\atomic_clips\2025-11-04__TSC_-_Navy_Oct_2025\003__Pressure, Cross and Goal__0_16_09-0_16_33.__CINEMATIC.__CINEMATIC.__CINEMATIC.__CINEMATIC.__CINEMATIC.__CINEMATIC.__CINEMATIC.mp4",,,,,,,,render failed,2026-02-12T00:53:44+00:00
C:\Users\scott\OneDrive\SoccerVideoMedia\out\atomic_clips\2025-11-04__TSC_-_Navy_Oct_2025\004__Pressure & Shot__0_23_24-0_23_53.__CINEMATIC.__CINEMATIC.__CINEMATIC.__CINEMATIC.__CINEMATIC.__CINEMATIC.__CINEMATIC.mp4,C:\Users\scott\OneDrive\SoccerVideoMedia\out\portrait_reels\clean\004__Pressure & Shot__0_23_24-0_23_53__CINEMATIC_portrait_FINAL.mp4,2026-02-12T00:56:11+00:00,cinematic,,,,,,2026-02-12T00:56:11+00:00
C:\Users\scott\OneDrive\SoccerVideoMedia\out\atomic_clips\2025-11-04__TSC_-_Navy_Oct_2025\005__Build Up & Cross__0_28_28-0_28_42.__CINEMATIC.__CINEMATIC.__CINEMATIC.__CINEMATIC.__CINEMATIC.__CINEMATIC.__CINEMATIC.mp4,C:\Users\scott\OneDrive\SoccerVideoMedia\out\portrait_reels\clean\005__Build Up & Cross__0_28_28-0_28_42__CINEMATIC_portrait_FINAL.mp4,2026-02-12T00:57:21+00:00,cinematic,,,,,,2026-02-12T00:57:21+00:00
C:\Users\scott\OneDrive\SoccerVideoMedia\out\atomic_clips\2025-11-04__TSC_-_Navy_Oct_2025\006__Cross__0_30_29-0_30_37.__CINEMATIC.__CINEMATIC.__CINEMATIC.__CINEMATIC.__CINEMATIC.__CINEMATIC.__CINEMATIC.mp4,C:\Users\scott\OneDrive\SoccerVideoMedia\out\portrait_reels\clean\006__Cross__0_30_29-0_30_37__CINEMATIC_portrait_FINAL.mp4,2026-02-12T00:58:03+00:00,cinematic,,,,,,2026-02-12T00:58:03+00:00
"C:\Users\scott\OneDrive\SoccerVideoMedia\out\atomic_clips\2025-11-04__TSC_-_Navy_Oct_2025\007__Cross, Pressure & Shot__0_42_24-0_42_45.__CINEMATIC.__CINEMATIC.__CINEMATIC.__CINEMATIC.__CINEMATIC.__CINEMATIC.__CINEMATIC.mp4",,,,,,,,render failed,2026-02-12T00:59:36+00:00
C:\Users\scott\OneDrive\SoccerVideoMedia\out\atomic_clips\2025-11-04__TSC_-_Navy_Oct_2025\008__Cross__0_47_09-0_47_18.__CINEMATIC.__CINEMATIC.__CINEMATIC.__CINEMATIC.__CINEMATIC.__CINEMATIC.__CINEMATIC.mp4,C:\Users\scott\OneDrive\SoccerVideoMedia\out\portrait_reels\clean\008__Cross__0_47_09-0_47_18__CINEMATIC_portrait_FINAL.mp4,2026-02-12T01:00:21+00:00,cinematic,,,,,,2026-02-12T01:00:21+00:00
"C:\Users\scott\OneDrive\SoccerVideoMedia\out\atomic_clips\2025-11-04__TSC_-_Navy_Oct_2025\009__Cross, Shots__0_50_40-0_50_57.__CINEMATIC.__CINEMATIC.__CINEMATIC.__CINEMATIC.__CINEMATIC.__CINEMATIC.__CINEMATIC.mp4","C:\Users\scott\OneDrive\SoccerVideoMedia\out\portrait_reels\clean\009__Cross, Shots__0_50_40-0_50_57__CINEMATIC_portrait_FINAL.mp4",2026-02-12T01:01:46+00:00,cinematic,,,,,,2026-02-12T01:01:46+00:00
"C:\Users\scott\OneDrive\SoccerVideoMedia\out\atomic_clips\2025-11-04__TSC_-_Navy_Oct_2025\010__Build Up, Cross, Shot & Goal__0_55_26-0_56_02.__CINEMATIC.__CINEMATIC.__CINEMATIC.__CINEMATIC.__CINEMATIC.__CINEMATIC.__CINEMATIC.mp4",,,,,,,,render failed,2026-02-12T01:02:05+00:00
C:\Users\scott\OneDrive\SoccerVideoMedia\out\atomic_clips\2025-11-04__TSC_-_Navy_Oct_2025\011__Build Up__1_00_43-1_01_22.__CINEMATIC.__CINEMATIC.__CINEMATIC.__CINEMATIC.__CINEMATIC.__CINEMATIC.__CINEMATIC.mp4,C:\Users\scott\OneDrive\SoccerVideoMedia\out\portrait_reels\clean\011__Build Up__1_00_43-1_01_22__CINEMATIC_portrait_FINAL.mp4,2026-02-12T01:05:20+00:00,cinematic,,,,,,2026-02-12T01:05:20+00:00
C:\Users\scott\OneDrive\SoccerVideoMedia\out\atomic_clips\2025-11-04__TSC_-_Navy_Oct_2025\012__Cross & Goal__1_01_36-1_01_52.__CINEMATIC.__CINEMATIC.__CINEMATIC.__CINEMATIC.__CINEMATIC.__CINEMATIC.__CINEMATIC.mp4,C:\Users\scott\OneDrive\SoccerVideoMedia\out\portrait_reels\clean\012__Cross & Goal__1_01_36-1_01_52__CINEMATIC_portrait_FINAL.mp4,2026-02-12T01:06:41+00:00,cinematic,,,,,,2026-02-12T01:06:41+00:00
C:\Users\scott\OneDrive\SoccerVideoMedia\out\atomic_clips\2025-11-04__TSC_-_Navy_Oct_2025\013__Dribbling & Shot__1_02_55-1_03_10.__CINEMATIC.__CINEMATIC.__CINEMATIC.__CINEMATIC.__CINEMATIC.__CINEMATIC.__CINEMATIC.mp4,C:\Users\scott\OneDrive\SoccerVideoMedia\out\portrait_reels\clean\013__Dribbling & Shot__1_02_55-1_03_10__CINEMATIC_portrait_FINAL.mp4,2026-02-12T01:07:59+00:00,cinematic,,,,,,2026-02-12T01:07:59+00:00
C:\Users\scott\OneDrive\SoccerVideoMedia\out\atomic_clips\2025-11-22__TSC_vs_OK_Sporting\001__2025-11-22__TSC_vs_OK_Sporting__GOAL__t192.70-t208.30.mp4,C:\Users\scott\OneDrive\SoccerVideoMedia\out\portrait_reels\clean\001__2025-11-22__TSC_vs_OK_Sporting__GOAL__t192.70-t208.30__CINEMATIC_portrait_FINAL.mp4,2026-02-12T01:09:03+00:00,cinematic,,,,,,2026-02-12T01:09:03+00:00
C:\Users\scott\OneDrive\SoccerVideoMedia\out\atomic_clips\2025-11-22__TSC_vs_OK_Sporting\002__2025-11-22__TSC_vs_OK_Sporting__SHOT__t1153.50-t1165.90.mp4,C:\Users\scott\OneDrive\SoccerVideoMedia\out\portrait_reels\clean\002__2025-11-22__TSC_vs_OK_Sporting__SHOT__t1153.50-t1165.90__CINEMATIC_portrait_FINAL.mp4,2026-02-12T01:09:44+00:00,cinematic,,,,,,2026-02-12T01:09:44+00:00
C:\Users\scott\OneDrive\SoccerVideoMedia\out\atomic_clips\2025-11-22__TSC_vs_OK_Sporting\003__2025-11-22__TSC_vs_OK_Sporting__HIGHLIGHT__t1228.00-t1248.80.mp4,C:\Users\scott\OneDrive\SoccerVideoMedia\out\portrait_reels\clean\003__2025-11-22__TSC_vs_OK_Sporting__HIGHLIGHT__t1228.00-t1248.80__CINEMATIC_portrait_FINAL.mp4,2026-02-12T01:11:15+00:00,cinematic,,,,,,2026-02-12T01:11:15+00:00
C:\Users\scott\OneDrive\SoccerVideoMedia\out\atomic_clips\2025-11-22__TSC_vs_OK_Sporting\004__2025-11-22__TSC_vs_OK_Sporting__GOAL__t2494.30-t2507.00.mp4,C:\Users\scott\OneDrive\SoccerVideoMedia\out\portrait_reels\clean\004__2025-11-22__TSC_vs_OK_Sporting__GOAL__t2494.30-t2507.00__CINEMATIC_portrait_FINAL.mp4,2026-02-12T01:12:05+00:00,cinematic,,,,,,2026-02-12T01:12:05+00:00
C:\Users\scott\OneDrive\SoccerVideoMedia\out\atomic_clips\2025-11-23__TSC_vs_BASC\001__2025-11-23__TSC_vs_BASC__GOAL__t41.30-t51.30.mp4,C:\Users\scott\OneDrive\SoccerVideoMedia\out\portrait_reels\clean\001__2025-11-23__TSC_vs_BASC__GOAL__t41.30-t51.30__CINEMATIC_portrait_FINAL.mp4,2026-02-12T01:12:38+00:00,cinematic,,,,,,2026-02-12T01:12:38+00:00
C:\Users\scott\OneDrive\SoccerVideoMedia\out\atomic_clips\2025-11-23__TSC_vs_BASC\002__2025-11-23__TSC_vs_BASC__GOAL__t785.40-t808.30.mp4,C:\Users\scott\OneDrive\SoccerVideoMedia\out\portrait_reels\clean\002__2025-11-23__TSC_vs_BASC__GOAL__t785.40-t808.30__CINEMATIC_portrait_FINAL.mp4,2026-02-12T01:13:55+00:00,cinematic,,,,,,2026-02-12T01:13:55+00:00
C:\Users\scott\OneDrive\SoccerVideoMedia\out\atomic_clips\2025-11-23__TSC_vs_BASC\003__2025-11-23__TSC_vs_BASC__GOAL__t1682.20-t1700.80.mp4,C:\Users\scott\OneDrive\SoccerVideoMedia\out\portrait_reels\clean\003__2025-11-23__TSC_vs_BASC__GOAL__t1682.20-t1700.80__CINEMATIC_portrait_FINAL.mp4,2026-02-12T01:15:08+00:00,cinematic,,,,,,2026-02-12T01:15:08+00:00
C:\Users\scott\OneDrive\SoccerVideoMedia\out\atomic_clips\2025-11-23__TSC_vs_BASC\004__2025-11-23__TSC_vs_BASC__SHOT__t1974.90-t1990.60.mp4,C:\Users\scott\OneDrive\SoccerVideoMedia\out\portrait_reels\clean\004__2025-11-23__TSC_vs_BASC__SHOT__t1974.90-t1990.60__CINEMATIC_portrait_FINAL.mp4,2026-02-12T01:16:02+00:00,cinematic,,,,,,2026-02-12T01:16:02+00:00
C:\Users\scott\OneDrive\SoccerVideoMedia\out\portrait_reels\clean\001__2025-04-12__TSC_vs_Route_66__DRIBBLING__t0.00-t18.00__CINEMATIC_portrait_FINAL.mp4,,,,C:\Users\scott\soccer-video\out\upscaled\001__2025-04-12__TSC_vs_Route_66__DRIBBLING__t0.00-t18.00__CINEMATIC_portrait_FINAL__x2__lanczos.mp4,2026-02-12T04:16:25+00:00,,,,2026-02-12T04:16:25+00:00
C:\Users\scott\OneDrive\SoccerVideoMedia\out\portrait_reels\clean\002__2025-04-12__TSC_vs_Route_66__SHOT__t19.00-t28.00__CINEMATIC_portrait_FINAL.mp4,,,,C:\Users\scott\soccer-video\out\upscaled\002__2025-04-12__TSC_vs_Route_66__SHOT__t19.00-t28.00__CINEMATIC_portrait_FINAL__x2__lanczos.mp4,2026-02-12T04:17:42+00:00,,,,2026-02-12T04:17:42+00:00
C:\Users\scott\OneDrive\SoccerVideoMedia\out\portrait_reels\clean\003__2025-04-12__TSC_vs_Route_66__GOAL__t48.50-t58.00__CINEMATIC_portrait_FINAL.mp4,,,,C:\Users\scott\soccer-video\out\upscaled\003__2025-04-12__TSC_vs_Route_66__GOAL__t48.50-t58.00__CINEMATIC_portrait_FINAL__x2__lanczos.mp4,2026-02-12T04:19:03+00:00,,,,2026-02-12T04:19:03+00:00
\\?\C:\Users\scott\OneDrive\SoccerVideoMedia\out\atomic_clips\2025-09-13__TSC_vs_NEOFC\030__2025-09-13__TSC_vs_NEOFC__2025-10-04__TSC_vs_FC_Tulsa_Black__BUILD_UP_SHOT__t1705-t1721.__CINEMATIC.__CINEMATIC.__CINEMATIC.__CINEMATIC.__CINEMATIC.__CINEMATIC.__CINEMATIC.mp4,,,,,,,,render failed,2026-02-11T22:20:04+00:00
\\?\C:\Users\scott\OneDrive\SoccerVideoMedia\out\atomic_clips\2025-09-20__TSC_vs_Greenwood\021__2025-09-20__TSC_vs_Greenwood__BUILD_UP_PLAY_SHOT__t1437.00-t1472.00_portrait_POST.__CINEMATIC.__CINEMATIC.__CINEMATIC.__CINEMATIC.__CINEMATIC.__CINEMATIC.__CINEMATIC.mp4,,,,,,,,render failed,2026-02-11T22:20:28+00:00
\\?\C:\Users\scott\OneDrive\SoccerVideoMedia\out\atomic_clips\2025-09-20__TSC_vs_Greenwood\023__2025-09-20__TSC_vs_Greenwood__BUILD_UP_PLAY_SHOT__t1711.00-t1722.00_portrait_POST.__CINEMATIC.__CINEMATIC.__CINEMATIC.__CINEMATIC.__CINEMATIC.__CINEMATIC.__CINEMATIC.mp4,,,,,,,,render failed,2026-02-11T22:20:36+00:00
\\?\C:\Users\scott\OneDrive\SoccerVideoMedia\out\atomic_clips\2025-09-20__TSC_vs_Greenwood\027__2025-09-20__TSC_vs_Greenwood__BUILD_UP_PLAY_SHOT__t2040.00-t2058.00_portrait_POST.__CINEMATIC.__CINEMATIC.__CINEMATIC.__CINEMATIC.__CINEMATIC.__CINEMATIC.__CINEMATIC.mp4,,,,,,,,render failed,2026-02-11T22:20:50+00:00
\\?\C:\Users\scott\OneDrive\SoccerVideoMedia\out\atomic_clips\2025-09-20__TSC_vs_Greenwood\028__2025-09-20__TSC_vs_Greenwood__BUILD_UP_PLAY_SHOT__t2092.00-t2105.00_portrait_POST.__CINEMATIC.__CINEMATIC.__CINEMATIC.__CINEMATIC.__CINEMATIC.__CINEMATIC.__CINEMATIC.mp4,,,,,,,,render failed,2026-02-11T22:20:59+00:00
\\?\C:\Users\scott\OneDrive\SoccerVideoMedia\out\atomic_clips\2025-09-20__TSC_vs_Greenwood\029__2025-09-20__TSC_vs_Greenwood__BUILD_UP_PLAY_SHOT__t2134.00-t2152.00_portrait_POST.__CINEMATIC.__CINEMATIC.__CINEMATIC.__CINEMATIC.__CINEMATIC.__CINEMATIC.__CINEMATIC.mp4,,,,,,,,render failed,2026-02-11T22:21:11+00:00
\\?\C:\Users\scott\OneDrive\SoccerVideoMedia\out\atomic_clips\2025-09-20__TSC_vs_Greenwood\030__2025-09-20__TSC_vs_Greenwood__FREE_KICK_WON_GOAL__t2175.00-t2211.00_portrait_POST.__CINEMATIC.__CINEMATIC.__CINEMATIC.__CINEMATIC.__CINEMATIC.__CINEMATIC.__CINEMATIC.mp4,,,,,,,,render failed,2026-02-11T22:21:38+00:00
\\?\C:\Users\scott\OneDrive\SoccerVideoMedia\out\atomic_clips\2025-09-20__TSC_vs_Greenwood\031__2025-09-20__TSC_vs_Greenwood__BUILD_UP_PLAY_SHOT__t2245.00-t2266.00_portrait_POST.__CINEMATIC.__CINEMATIC.__CINEMATIC.__CINEMATIC.__CINEMATIC.__CINEMATIC.__CINEMATIC.mp4,,,,,,,,render failed,2026-02-11T22:21:51+00:00
\\?\C:\Users\scott\OneDrive\SoccerVideoMedia\out\atomic_clips\2025-09-20__TSC_vs_Greenwood\032__2025-09-20__TSC_vs_Greenwood__BUILD_UP_PLAY_SHOT__t2544.00-t2561.00_portrait_POST.__CINEMATIC.__CINEMATIC.__CINEMATIC.__CINEMATIC.__CINEMATIC.__CINEMATIC.__CINEMATIC.mp4,,,,,,,,render failed,2026-02-11T22:22:03+00:00
\\?\C:\Users\scott\OneDrive\SoccerVideoMedia\out\atomic_clips\2025-09-20__TSC_vs_Greenwood\039__2025-09-20__TSC_vs_Greenwood__BUILD_UP_PLAY_SHOT__t2894.00-t2914.00_portrait_POST.__CINEMATIC.__CINEMATIC.__CINEMATIC.__CINEMATIC.__CINEMATIC.__CINEMATIC.__CINEMATIC.mp4,,,,,,,,render failed,2026-02-11T22:22:16+00:00
\\?\C:\Users\scott\OneDrive\SoccerVideoMedia\out\atomic_clips\2025-10-12__TSC_SLSG_FallFestival\004__PRESSURE__t640.00-t663.00.__OVERLAY_plan_sh-1_dx-64_dy-128__localTW_dt-0.02_dx-6_dy-2.__CINEMATIC.__CINEMATIC.__CINEMATIC.__CINEMATIC.__CINEMATIC.__CINEMATIC.__CINEMATIC.mp4,,,,,,,,render failed,2026-02-11T22:22:30+00:00
