"master_path","clip_name","label","t_start_s","t_end_s","source_path"
"C:/Users/scott/soccer-video/out/games/2025-09-13__TSC_vs_NEOFC/MASTER.mp4","001__2025-09-13__TSC_vs_NEOFC__SHOT__t156-t166.mp4","TSC_vs_NEOFC__SHOT","156","166","C:\Users\scott\soccer-video\out\atomic_clips\2025-09-13__TSC_vs_NEOFC\001__2025-09-13__TSC_vs_NEOFC__SHOT__t156-t166.mp4"
"C:/Users/scott/soccer-video/out/games/2025-09-13__TSC_vs_NEOFC/MASTER.mp4","002__2025-09-13__TSC_vs_NEOFC__GOAL__t180.80-t191.20.__DEBUG_FINAL_portrait_FINAL.mp4","TSC_vs_NEOFC__GOAL","180.8","191.2","C:\Users\scott\soccer-video\out\atomic_clips\2025-09-13__TSC_vs_NEOFC\002__2025-09-13__TSC_vs_NEOFC__GOAL__t180.80-t191.20.__DEBUG_FINAL_portrait_FINAL.mp4"
"C:/Users/scott/soccer-video/out/games/2025-09-13__TSC_vs_NEOFC/MASTER.mp4","003__2025-09-13__TSC_vs_NEOFC__BUILD_UP__t224.80-t248.70.__DEBUG_FINAL_portrait_FINAL.mp4","TSC_vs_NEOFC__BUILD_UP","224.8","248.7","C:\Users\scott\soccer-video\out\atomic_clips\2025-09-13__TSC_vs_NEOFC\003__2025-09-13__TSC_vs_NEOFC__BUILD_UP__t224.80-t248.70.__DEBUG_FINAL_portrait_FINAL.mp4"
"C:/Users/scott/soccer-video/out/games/2025-09-13__TSC_vs_NEOFC/MASTER.mp4","004__2025-09-13__TSC_vs_NEOFC__GOAL__t266.50-t283.10.__DEBUG_FINAL_portrait_FINAL.mp4","TSC_vs_NEOFC__GOAL","266.5","283.1","C:\Users\scott\soccer-video\out\atomic_clips\2025-09-13__TSC_vs_NEOFC\004__2025-09-13__TSC_vs_NEOFC__GOAL__t266.50-t283.10.__DEBUG_FINAL_portrait_FINAL.mp4"
"C:/Users/scott/soccer-video/out/games/2025-09-13__TSC_vs_NEOFC/MASTER.mp4","005__2025-09-13__TSC_vs_NEOFC__CORNER__t417.90-t431.60.__DEBUG_FINAL_portrait_FINAL.mp4","TSC_vs_NEOFC__CORNER","417.9","431.6","C:\Users\scott\soccer-video\out\atomic_clips\2025-09-13__TSC_vs_NEOFC\005__2025-09-13__TSC_vs_NEOFC__CORNER__t417.90-t431.60.__DEBUG_FINAL_portrait_FINAL.mp4"
"C:/Users/scott/soccer-video/out/games/2025-09-13__TSC_vs_NEOFC/MASTER.mp4","006__2025-09-13__TSC_vs_NEOFC__DEFENSE__t699.30-t711.50.__DEBUG_FINAL_portrait_FINAL.mp4","TSC_vs_NEOFC__DEFENSE","699.3","711.5","C:\Users\scott\soccer-video\out\atomic_clips\2025-09-13__TSC_vs_NEOFC\006__2025-09-13__TSC_vs_NEOFC__DEFENSE__t699.30-t711.50.__DEBUG_FINAL_portrait_FINAL.mp4"
"C:/Users/scott/soccer-video/out/games/2025-09-13__TSC_vs_NEOFC/MASTER.mp4","007__2025-09-13__TSC_vs_NEOFC__DRIBBLING__t982.00-t987.90_portrait_POST.mp4","TSC_vs_NEOFC__DRIBBLING","982","987.9","C:\Users\scott\soccer-video\out\atomic_clips\2025-09-13__TSC_vs_NEOFC\007__2025-09-13__TSC_vs_NEOFC__DRIBBLING__t982.00-t987.90_portrait_POST.mp4"
"C:/Users/scott/soccer-video/out/games/2025-09-13__TSC_vs_NEOFC/MASTER.mp4","008__2025-09-13__TSC_vs_NEOFC__SHOT__t1247.80-t1259.20_portrait_POST.mp4","TSC_vs_NEOFC__SHOT","1247.8","1259.2","C:\Users\scott\soccer-video\out\atomic_clips\2025-09-13__TSC_vs_NEOFC\008__2025-09-13__TSC_vs_NEOFC__SHOT__t1247.80-t1259.20_portrait_POST.mp4"
"C:/Users/scott/soccer-video/out/games/2025-09-13__TSC_vs_NEOFC/MASTER.mp4","009__2025-09-13__TSC_vs_NEOFC__SHOT__t1420.40-t1438.20_portrait_POST.mp4","TSC_vs_NEOFC__SHOT","1420.4","1438.2","C:\Users\scott\soccer-video\out\atomic_clips\2025-09-13__TSC_vs_NEOFC\009__2025-09-13__TSC_vs_NEOFC__SHOT__t1420.40-t1438.20_portrait_POST.mp4"
"C:/Users/scott/soccer-video/out/games/2025-09-13__TSC_vs_NEOFC/MASTER.mp4","010__2025-09-13__TSC_vs_NEOFC__CROSS__t1541.10-t1547.90_portrait_POST.mp4","TSC_vs_NEOFC__CROSS","1541.1","1547.9","C:\Users\scott\soccer-video\out\atomic_clips\2025-09-13__TSC_vs_NEOFC\010__2025-09-13__TSC_vs_NEOFC__CROSS__t1541.10-t1547.90_portrait_POST.mp4"
"C:/Users/scott/soccer-video/out/games/2025-09-13__TSC_vs_NEOFC/MASTER.mp4","011__2025-09-13__TSC_vs_NEOFC__SHOTS__t1655.00-t1670.30_portrait_POST.mp4","TSC_vs_NEOFC__SHOTS","1655","1670.3","C:\Users\scott\soccer-video\out\atomic_clips\2025-09-13__TSC_vs_NEOFC\011__2025-09-13__TSC_vs_NEOFC__SHOTS__t1655.00-t1670.30_portrait_POST.mp4"
"C:/Users/scott/soccer-video/out/games/2025-09-13__TSC_vs_NEOFC/MASTER.mp4","012__2025-09-13__TSC_vs_NEOFC__GOAL__t1705.20-t1708.50_portrait_POST.mp4","TSC_vs_NEOFC__GOAL","1705.2","1708.5","C:\Users\scott\soccer-video\out\atomic_clips\2025-09-13__TSC_vs_NEOFC\012__2025-09-13__TSC_vs_NEOFC__GOAL__t1705.20-t1708.50_portrait_POST.mp4"
"C:/Users/scott/soccer-video/out/games/2025-09-13__TSC_vs_NEOFC/MASTER.mp4","013__2025-09-13__TSC_vs_NEOFC__GOAL__t1767.50-t1772.60_portrait_POST.mp4","TSC_vs_NEOFC__GOAL","1767.5","1772.6","C:\Users\scott\soccer-video\out\atomic_clips\2025-09-13__TSC_vs_NEOFC\013__2025-09-13__TSC_vs_NEOFC__GOAL__t1767.50-t1772.60_portrait_POST.mp4"
"C:/Users/scott/soccer-video/out/games/2025-09-13__TSC_vs_NEOFC/MASTER.mp4","014__2025-09-13__TSC_vs_NEOFC__GOAL__t1904.20-t1925.20_portrait_POST.mp4","TSC_vs_NEOFC__GOAL","1904.2","1925.2","C:\Users\scott\soccer-video\out\atomic_clips\2025-09-13__TSC_vs_NEOFC\014__2025-09-13__TSC_vs_NEOFC__GOAL__t1904.20-t1925.20_portrait_POST.mp4"
"C:/Users/scott/soccer-video/out/games/2025-09-13__TSC_vs_NEOFC/MASTER.mp4","015__2025-09-13__TSC_vs_NEOFC__DRIBBLING__t1972.50-t1980.70_portrait_POST.mp4","TSC_vs_NEOFC__DRIBBLING","1972.5","1980.7","C:\Users\scott\soccer-video\out\atomic_clips\2025-09-13__TSC_vs_NEOFC\015__2025-09-13__TSC_vs_NEOFC__DRIBBLING__t1972.50-t1980.70_portrait_POST.mp4"
"C:/Users/scott/soccer-video/out/games/2025-09-13__TSC_vs_NEOFC/MASTER.mp4","016__2025-09-13__TSC_vs_NEOFC__SHOT__t2029.90-t2039.50_portrait_POST.mp4","TSC_vs_NEOFC__SHOT","2029.9","2039.5","C:\Users\scott\soccer-video\out\atomic_clips\2025-09-13__TSC_vs_NEOFC\016__2025-09-13__TSC_vs_NEOFC__SHOT__t2029.90-t2039.50_portrait_POST.mp4"
"C:/Users/scott/soccer-video/out/games/2025-09-13__TSC_vs_NEOFC/MASTER.mp4","017__2025-09-13__TSC_vs_NEOFC__SHOT__t2284.90-t2298.20_portrait_POST.mp4","TSC_vs_NEOFC__SHOT","2284.9","2298.2","C:\Users\scott\soccer-video\out\atomic_clips\2025-09-13__TSC_vs_NEOFC\017__2025-09-13__TSC_vs_NEOFC__SHOT__t2284.90-t2298.20_portrait_POST.mp4"
"C:/Users/scott/soccer-video/out/games/2025-09-13__TSC_vs_NEOFC/MASTER.mp4","018__2025-09-13__TSC_vs_NEOFC__SHOT__t2419.50-t2425.60_portrait_POST.mp4","TSC_vs_NEOFC__SHOT","2419.5","2425.6","C:\Users\scott\soccer-video\out\atomic_clips\2025-09-13__TSC_vs_NEOFC\018__2025-09-13__TSC_vs_NEOFC__SHOT__t2419.50-t2425.60_portrait_POST.mp4"
"C:/Users/scott/soccer-video/out/games/2025-09-13__TSC_vs_NEOFC/MASTER.mp4","019__2025-09-13__TSC_vs_NEOFC__SHOT__t2633.00-t2638.10_portrait_POST.mp4","TSC_vs_NEOFC__SHOT","2633","2638.1","C:\Users\scott\soccer-video\out\atomic_clips\2025-09-13__TSC_vs_NEOFC\019__2025-09-13__TSC_vs_NEOFC__SHOT__t2633.00-t2638.10_portrait_POST.mp4"
"C:/Users/scott/soccer-video/out/games/2025-09-13__TSC_vs_NEOFC/MASTER.mp4","020__2025-09-13__TSC_vs_NEOFC__GOAL__t2816.60-t2831.80_portrait_POST.mp4","TSC_vs_NEOFC__GOAL","2816.6","2831.8","C:\Users\scott\soccer-video\out\atomic_clips\2025-09-13__TSC_vs_NEOFC\020__2025-09-13__TSC_vs_NEOFC__GOAL__t2816.60-t2831.80_portrait_POST.mp4"
"C:/Users/scott/soccer-video/out/games/2025-09-13__TSC_vs_NEOFC/MASTER.mp4","021__2025-09-13__TSC_vs_NEOFC__SHOT__t2860.70-t2873.00_portrait_POST.mp4","TSC_vs_NEOFC__SHOT","2860.7","2873","C:\Users\scott\soccer-video\out\atomic_clips\2025-09-13__TSC_vs_NEOFC\021__2025-09-13__TSC_vs_NEOFC__SHOT__t2860.70-t2873.00_portrait_POST.mp4"
"C:/Users/scott/soccer-video/out/games/2025-09-13__TSC_vs_NEOFC/MASTER.mp4","023__2025-09-13__TSC_vs_NEOFC__SHOT__t3098.90-t3108.80_portrait_POST.mp4","TSC_vs_NEOFC__SHOT","3098.9","3108.8","C:\Users\scott\soccer-video\out\atomic_clips\2025-09-13__TSC_vs_NEOFC\023__2025-09-13__TSC_vs_NEOFC__SHOT__t3098.90-t3108.80_portrait_POST.mp4"
"C:/Users/scott/soccer-video/out/games/2025-09-13__TSC_vs_NEOFC/MASTER.mp4","030__2025-09-13__TSC_vs_NEOFC__2025-10-04__TSC_vs_FC_Tulsa_Black__BUILD_UP_SHOT__t1705-t1721.mp4","TSC_vs_FC_Tulsa_Black__BUILD_UP_SHOT","1705","1721","C:\Users\scott\soccer-video\out\atomic_clips\2025-09-13__TSC_vs_NEOFC\030__2025-09-13__TSC_vs_NEOFC__2025-10-04__TSC_vs_FC_Tulsa_Black__BUILD_UP_SHOT__t1705-t1721.mp4"
"C:/Users/scott/soccer-video/out/games/2025-09-13__TSC_vs_NEOFC/MASTER.mp4","115__2025-09-13__TSC_vs_NEOFC__SHOT__t155.5-t166.4.mp4","TSC_vs_NEOFC__SHOT","155.5","166.4","C:\Users\scott\soccer-video\out\atomic_clips\2025-09-13__TSC_vs_NEOFC\115__2025-09-13__TSC_vs_NEOFC__SHOT__t155.5-t166.4.mp4"
"C:/Users/scott/soccer-video/out/games/2025-09-20__TSC_vs_RVFC/MASTER.mp4","001__2025-09-20__TSC_vs_Greenwood__BUILD_UP_PLAY_SHOT__t18900.00-t20340.00.mp4","TSC_vs_Greenwood__BUILD_UP_PLAY_SHOT","18900","20340","C:\Users\scott\soccer-video\out\atomic_clips\_quarantine\001__2025-09-20__TSC_vs_Greenwood__BUILD_UP_PLAY_SHOT__t18900.00-t20340.00.mp4"
"C:/Users/scott/soccer-video/out/games/2025-09-20__TSC_vs_RVFC/MASTER.mp4","002__2025-09-20__TSC_vs_Greenwood__GOAL__t20400.00-t21180.00.mp4","TSC_vs_Greenwood__GOAL","20400","21180","C:\Users\scott\soccer-video\out\atomic_clips\_quarantine\002__2025-09-20__TSC_vs_Greenwood__GOAL__t20400.00-t21180.00.mp4"
"C:/Users/scott/soccer-video/out/games/2025-09-20__TSC_vs_RVFC/MASTER.mp4","003__2025-09-20__TSC_vs_Greenwood__BUILD_UP_PLAY_SHOT__t25260.00-t26460.00.mp4","TSC_vs_Greenwood__BUILD_UP_PLAY_SHOT","25260","26460","C:\Users\scott\soccer-video\out\atomic_clips\_quarantine\003__2025-09-20__TSC_vs_Greenwood__BUILD_UP_PLAY_SHOT__t25260.00-t26460.00.mp4"
"C:/Users/scott/soccer-video/out/games/2025-09-20__TSC_vs_Greenwood/MASTER.mp4","003__2025-09-20__TSC_vs_Greenwood__BUILD_UP_PLAY_SHOT__t421.00-t441.00_portrait_POST.mp4","TSC_vs_Greenwood__BUILD_UP_PLAY_SHOT","421","441","C:\Users\scott\soccer-video\out\atomic_clips\2025-09-20__TSC_vs_Greenwood\003__2025-09-20__TSC_vs_Greenwood__BUILD_UP_PLAY_SHOT__t421.00-t441.00_portrait_POST.mp4"
"C:/Users/scott/soccer-video/out/games/2025-09-20__TSC_vs_RVFC/MASTER.mp4","004__2025-09-20__TSC_vs_Greenwood__PRESSURE_TWO_SHOTS__t26640.00-t27360.00.mp4","TSC_vs_Greenwood__PRESSURE_TWO_SHOTS","26640","27360","C:\Users\scott\soccer-video\out\atomic_clips\_quarantine\004__2025-09-20__TSC_vs_Greenwood__PRESSURE_TWO_SHOTS__t26640.00-t27360.00.mp4"
"C:/Users/scott/soccer-video/out/games/2025-09-20__TSC_vs_Greenwood/MASTER.mp4","004__2025-09-20__TSC_vs_Greenwood__PRESSURE_TWO_SHOTS__t444.00-t456.00_portrait_POST.mp4","TSC_vs_Greenwood__PRESSURE_TWO_SHOTS","444","456","C:\Users\scott\soccer-video\out\atomic_clips\2025-09-20__TSC_vs_Greenwood\004__2025-09-20__TSC_vs_Greenwood__PRESSURE_TWO_SHOTS__t444.00-t456.00_portrait_POST.mp4"
"C:/Users/scott/soccer-video/out/games/2025-09-20__TSC_vs_RVFC/MASTER.mp4","005__2025-09-20__TSC_vs_Greenwood__WIN_FREE_KICK__t32280.00-t33180.00.mp4","TSC_vs_Greenwood__WIN_FREE_KICK","32280","33180","C:\Users\scott\soccer-video\out\atomic_clips\_quarantine\005__2025-09-20__TSC_vs_Greenwood__WIN_FREE_KICK__t32280.00-t33180.00.mp4"
"C:/Users/scott/soccer-video/out/games/2025-09-20__TSC_vs_Greenwood/MASTER.mp4","005__2025-09-20__TSC_vs_Greenwood__WIN_FREE_KICK__t538.00-t553.00_portrait_POST.mp4","TSC_vs_Greenwood__WIN_FREE_KICK","538","553","C:\Users\scott\soccer-video\out\atomic_clips\2025-09-20__TSC_vs_Greenwood\005__2025-09-20__TSC_vs_Greenwood__WIN_FREE_KICK__t538.00-t553.00_portrait_POST.mp4"
"C:/Users/scott/soccer-video/out/games/2025-09-20__TSC_vs_RVFC/MASTER.mp4","006__2025-09-20__TSC_vs_Greenwood__BUILD_UP_PLAY_SHOT__t41100.00-t42480.00.mp4","TSC_vs_Greenwood__BUILD_UP_PLAY_SHOT","41100","42480","C:\Users\scott\soccer-video\out\atomic_clips\_quarantine\006__2025-09-20__TSC_vs_Greenwood__BUILD_UP_PLAY_SHOT__t41100.00-t42480.00.mp4"
"C:/Users/scott/soccer-video/out/games/2025-09-20__TSC_vs_Greenwood/MASTER.mp4","006__2025-09-20__TSC_vs_Greenwood__BUILD_UP_PLAY_SHOT__t685.00-t708.00_portrait_POST.mp4","TSC_vs_Greenwood__BUILD_UP_PLAY_SHOT","685","708","C:\Users\scott\soccer-video\out\atomic_clips\2025-09-20__TSC_vs_Greenwood\006__2025-09-20__TSC_vs_Greenwood__BUILD_UP_PLAY_SHOT__t685.00-t708.00_portrait_POST.mp4"
"C:/Users/scott/soccer-video/out/games/2025-09-20__TSC_vs_RVFC/MASTER.mp4","007__2025-09-20__TSC_vs_Greenwood__DRIBBLING_SHOT__t44340.00-t45120.00.mp4","TSC_vs_Greenwood__DRIBBLING_SHOT","44340","45120","C:\Users\scott\soccer-video\out\atomic_clips\_quarantine\007__2025-09-20__TSC_vs_Greenwood__DRIBBLING_SHOT__t44340.00-t45120.00.mp4"
"C:/Users/scott/soccer-video/out/games/2025-09-20__TSC_vs_Greenwood/MASTER.mp4","007__2025-09-20__TSC_vs_Greenwood__DRIBBLING_SHOT__t739.00-t752.00_portrait_POST.mp4","TSC_vs_Greenwood__DRIBBLING_SHOT","739","752","C:\Users\scott\soccer-video\out\atomic_clips\2025-09-20__TSC_vs_Greenwood\007__2025-09-20__TSC_vs_Greenwood__DRIBBLING_SHOT__t739.00-t752.00_portrait_POST.mp4"
"C:/Users/scott/soccer-video/out/games/2025-09-20__TSC_vs_RVFC/MASTER.mp4","008__2025-09-20__TSC_vs_Greenwood__PRESSURE_SHOT__t45240.00-t46980.00.mp4","TSC_vs_Greenwood__PRESSURE_SHOT","45240","46980","C:\Users\scott\soccer-video\out\atomic_clips\_quarantine\008__2025-09-20__TSC_vs_Greenwood__PRESSURE_SHOT__t45240.00-t46980.00.mp4"
"C:/Users/scott/soccer-video/out/games/2025-09-20__TSC_vs_Greenwood/MASTER.mp4","008__2025-09-20__TSC_vs_Greenwood__PRESSURE_SHOT__t754.00-t783.00_portrait_POST.mp4","TSC_vs_Greenwood__PRESSURE_SHOT","754","783","C:\Users\scott\soccer-video\out\atomic_clips\2025-09-20__TSC_vs_Greenwood\008__2025-09-20__TSC_vs_Greenwood__PRESSURE_SHOT__t754.00-t783.00_portrait_POST.mp4"
"C:/Users/scott/soccer-video/out/games/2025-09-20__TSC_vs_RVFC/MASTER.mp4","009__2025-09-20__TSC_vs_Greenwood__PRESSURE_SHOT__t48120.00-t49080.00.mp4","TSC_vs_Greenwood__PRESSURE_SHOT","48120","49080","C:\Users\scott\soccer-video\out\atomic_clips\_quarantine\009__2025-09-20__TSC_vs_Greenwood__PRESSURE_SHOT__t48120.00-t49080.00.mp4"
"C:/Users/scott/soccer-video/out/games/2025-09-20__TSC_vs_Greenwood/MASTER.mp4","009__2025-09-20__TSC_vs_Greenwood__PRESSURE_SHOT__t802.00-t818.00_portrait_POST.mp4","TSC_vs_Greenwood__PRESSURE_SHOT","802","818","C:\Users\scott\soccer-video\out\atomic_clips\2025-09-20__TSC_vs_Greenwood\009__2025-09-20__TSC_vs_Greenwood__PRESSURE_SHOT__t802.00-t818.00_portrait_POST.mp4"
"C:/Users/scott/soccer-video/out/games/2025-09-20__TSC_vs_RVFC/MASTER.mp4","010__2025-09-20__TSC_vs_Greenwood__DEFENSE_BUILD_UP__t49260.00-t50880.00.mp4","TSC_vs_Greenwood__DEFENSE_BUILD_UP","49260","50880","C:\Users\scott\soccer-video\out\atomic_clips\_quarantine\010__2025-09-20__TSC_vs_Greenwood__DEFENSE_BUILD_UP__t49260.00-t50880.00.mp4"
"C:/Users/scott/soccer-video/out/games/2025-09-20__TSC_vs_Greenwood/MASTER.mp4","010__2025-09-20__TSC_vs_Greenwood__DEFENSE_BUILD_UP__t821.00-t848.00_portrait_POST.mp4","TSC_vs_Greenwood__DEFENSE_BUILD_UP","821","848","C:\Users\scott\soccer-video\out\atomic_clips\2025-09-20__TSC_vs_Greenwood\010__2025-09-20__TSC_vs_Greenwood__DEFENSE_BUILD_UP__t821.00-t848.00_portrait_POST.mp4"
"C:/Users/scott/soccer-video/out/games/2025-09-20__TSC_vs_RVFC/MASTER.mp4","011__2025-09-20__TSC_vs_Greenwood__GOAL__t54120.00-t54780.00.mp4","TSC_vs_Greenwood__GOAL","54120","54780","C:\Users\scott\soccer-video\out\atomic_clips\_quarantine\011__2025-09-20__TSC_vs_Greenwood__GOAL__t54120.00-t54780.00.mp4"
"C:/Users/scott/soccer-video/out/games/2025-09-20__TSC_vs_Greenwood/MASTER.mp4","011__2025-09-20__TSC_vs_Greenwood__GOAL__t902.00-t913.00_portrait_POST.mp4","TSC_vs_Greenwood__GOAL","902","913","C:\Users\scott\soccer-video\out\atomic_clips\2025-09-20__TSC_vs_Greenwood\011__2025-09-20__TSC_vs_Greenwood__GOAL__t902.00-t913.00_portrait_POST.mp4"
"C:/Users/scott/soccer-video/out/games/2025-09-20__TSC_vs_RVFC/MASTER.mp4","012__2025-09-20__TSC_vs_Greenwood__BUILD_SHOT__t58380.00-t59220.00.mp4","TSC_vs_Greenwood__BUILD_SHOT","58380","59220","C:\Users\scott\soccer-video\out\atomic_clips\_quarantine\012__2025-09-20__TSC_vs_Greenwood__BUILD_SHOT__t58380.00-t59220.00.mp4"
"C:/Users/scott/soccer-video/out/games/2025-09-20__TSC_vs_Greenwood/MASTER.mp4","012__2025-09-20__TSC_vs_Greenwood__BUILD_SHOT__t973.00-t987.00_portrait_POST.mp4","TSC_vs_Greenwood__BUILD_SHOT","973","987","C:\Users\scott\soccer-video\out\atomic_clips\2025-09-20__TSC_vs_Greenwood\012__2025-09-20__TSC_vs_Greenwood__BUILD_SHOT__t973.00-t987.00_portrait_POST.mp4"
"C:/Users/scott/soccer-video/out/games/2025-09-20__TSC_vs_RVFC/MASTER.mp4","013__2025-09-20__TSC_vs_Greenwood__PRESSURE_SHOT__t59280.00-t60060.00.mp4","TSC_vs_Greenwood__PRESSURE_SHOT","59280","60060","C:\Users\scott\soccer-video\out\atomic_clips\_quarantine\013__2025-09-20__TSC_vs_Greenwood__PRESSURE_SHOT__t59280.00-t60060.00.mp4"
"C:/Users/scott/soccer-video/out/games/2025-09-20__TSC_vs_Greenwood/MASTER.mp4","013__2025-09-20__TSC_vs_Greenwood__PRESSURE_SHOT__t988.00-t1001.00_portrait_POST.mp4","TSC_vs_Greenwood__PRESSURE_SHOT","988","1001","C:\Users\scott\soccer-video\out\atomic_clips\2025-09-20__TSC_vs_Greenwood\013__2025-09-20__TSC_vs_Greenwood__PRESSURE_SHOT__t988.00-t1001.00_portrait_POST.mp4"
"C:/Users/scott/soccer-video/out/games/2025-09-20__TSC_vs_Greenwood/MASTER.mp4","014__2025-09-20__TSC_vs_Greenwood__PRESSURE_SHOT__t1063.00-t1073.00_portrait_POST.mp4","TSC_vs_Greenwood__PRESSURE_SHOT","1063","1073","C:\Users\scott\soccer-video\out\atomic_clips\2025-09-20__TSC_vs_Greenwood\014__2025-09-20__TSC_vs_Greenwood__PRESSURE_SHOT__t1063.00-t1073.00_portrait_POST.mp4"
"C:/Users/scott/soccer-video/out/games/2025-09-20__TSC_vs_RVFC/MASTER.mp4","014__2025-09-20__TSC_vs_Greenwood__PRESSURE_SHOT__t63780.00-t64380.00.mp4","TSC_vs_Greenwood__PRESSURE_SHOT","63780","64380","C:\Users\scott\soccer-video\out\atomic_clips\_quarantine\014__2025-09-20__TSC_vs_Greenwood__PRESSURE_SHOT__t63780.00-t64380.00.mp4"
"C:/Users/scott/soccer-video/out/games/2025-09-20__TSC_vs_Greenwood/MASTER.mp4","015__2025-09-20__TSC_vs_Greenwood__SHOT__t1081.00-t1088.00_portrait_POST.mp4","TSC_vs_Greenwood__SHOT","1081","1088","C:\Users\scott\soccer-video\out\atomic_clips\2025-09-20__TSC_vs_Greenwood\015__2025-09-20__TSC_vs_Greenwood__SHOT__t1081.00-t1088.00_portrait_POST.mp4"
"C:/Users/scott/soccer-video/out/games/2025-09-20__TSC_vs_RVFC/MASTER.mp4","015__2025-09-20__TSC_vs_Greenwood__SHOT__t64860.00-t65280.00.mp4","TSC_vs_Greenwood__SHOT","64860","65280","C:\Users\scott\soccer-video\out\atomic_clips\_quarantine\015__2025-09-20__TSC_vs_Greenwood__SHOT__t64860.00-t65280.00.mp4"
"C:/Users/scott/soccer-video/out/games/2025-09-20__TSC_vs_Greenwood/MASTER.mp4","016__2025-09-20__TSC_vs_Greenwood__BUILD_UP_PLAY_SHOT__t1195.00-t1209.00_portrait_POST.mp4","TSC_vs_Greenwood__BUILD_UP_PLAY_SHOT","1195","1209","C:\Users\scott\soccer-video\out\atomic_clips\2025-09-20__TSC_vs_Greenwood\016__2025-09-20__TSC_vs_Greenwood__BUILD_UP_PLAY_SHOT__t1195.00-t1209.00_portrait_POST.mp4"
"C:/Users/scott/soccer-video/out/games/2025-09-20__TSC_vs_RVFC/MASTER.mp4","016__2025-09-20__TSC_vs_Greenwood__BUILD_UP_PLAY_SHOT__t71700.00-t72540.00.mp4","TSC_vs_Greenwood__BUILD_UP_PLAY_SHOT","71700","72540","C:\Users\scott\soccer-video\out\atomic_clips\_quarantine\016__2025-09-20__TSC_vs_Greenwood__BUILD_UP_PLAY_SHOT__t71700.00-t72540.00.mp4"
"C:/Users/scott/soccer-video/out/games/2025-09-20__TSC_vs_Greenwood/MASTER.mp4","017__2025-09-20__TSC_vs_Greenwood__PRESSURE_SHOT__t1212.00-t1224.00_portrait_POST.mp4","TSC_vs_Greenwood__PRESSURE_SHOT","1212","1224","C:\Users\scott\soccer-video\out\atomic_clips\2025-09-20__TSC_vs_Greenwood\017__2025-09-20__TSC_vs_Greenwood__PRESSURE_SHOT__t1212.00-t1224.00_portrait_POST.mp4"
"C:/Users/scott/soccer-video/out/games/2025-09-20__TSC_vs_RVFC/MASTER.mp4","017__2025-09-20__TSC_vs_Greenwood__PRESSURE_SHOT__t72720.00-t73440.00.mp4","TSC_vs_Greenwood__PRESSURE_SHOT","72720","73440","C:\Users\scott\soccer-video\out\atomic_clips\_quarantine\017__2025-09-20__TSC_vs_Greenwood__PRESSURE_SHOT__t72720.00-t73440.00.mp4"
"C:/Users/scott/soccer-video/out/games/2025-09-20__TSC_vs_Greenwood/MASTER.mp4","018__2025-09-20__TSC_vs_Greenwood__BUILD_UP_PLAY_GOAL__t1292.00-t1329.00_portrait_POST.mp4","TSC_vs_Greenwood__BUILD_UP_PLAY_GOAL","1292","1329","C:\Users\scott\soccer-video\out\atomic_clips\2025-09-20__TSC_vs_Greenwood\018__2025-09-20__TSC_vs_Greenwood__BUILD_UP_PLAY_GOAL__t1292.00-t1329.00_portrait_POST.mp4"
"C:/Users/scott/soccer-video/out/games/2025-09-20__TSC_vs_RVFC/MASTER.mp4","018__2025-09-20__TSC_vs_Greenwood__BUILD_UP_PLAY_GOAL__t77520.00-t79740.00.mp4","TSC_vs_Greenwood__BUILD_UP_PLAY_GOAL","77520","79740","C:\Users\scott\soccer-video\out\atomic_clips\_quarantine\018__2025-09-20__TSC_vs_Greenwood__BUILD_UP_PLAY_GOAL__t77520.00-t79740.00.mp4"
"C:/Users/scott/soccer-video/out/games/2025-09-20__TSC_vs_Greenwood/MASTER.mp4","019__2025-09-20__TSC_vs_Greenwood__PRESSURE_SHOT__t1369.00-t1383.00_portrait_POST.mp4","TSC_vs_Greenwood__PRESSURE_SHOT","1369","1383","C:\Users\scott\soccer-video\out\atomic_clips\2025-09-20__TSC_vs_Greenwood\019__2025-09-20__TSC_vs_Greenwood__PRESSURE_SHOT__t1369.00-t1383.00_portrait_POST.mp4"
"C:/Users/scott/soccer-video/out/games/2025-09-20__TSC_vs_RVFC/MASTER.mp4","019__2025-09-20__TSC_vs_Greenwood__PRESSURE_SHOT__t82140.00-t82980.00.mp4","TSC_vs_Greenwood__PRESSURE_SHOT","82140","82980","C:\Users\scott\soccer-video\out\atomic_clips\_quarantine\019__2025-09-20__TSC_vs_Greenwood__PRESSURE_SHOT__t82140.00-t82980.00.mp4"
"C:/Users/scott/soccer-video/out/games/2025-09-20__TSC_vs_Greenwood/MASTER.mp4","020__2025-09-20__TSC_vs_Greenwood__PRESSURE_SHOT__t1393.00-t1409.00_portrait_POST.mp4","TSC_vs_Greenwood__PRESSURE_SHOT","1393","1409","C:\Users\scott\soccer-video\out\atomic_clips\2025-09-20__TSC_vs_Greenwood\020__2025-09-20__TSC_vs_Greenwood__PRESSURE_SHOT__t1393.00-t1409.00_portrait_POST.mp4"
"C:/Users/scott/soccer-video/out/games/2025-09-20__TSC_vs_RVFC/MASTER.mp4","020__2025-09-20__TSC_vs_Greenwood__PRESSURE_SHOT__t83580.00-t84540.00.mp4","TSC_vs_Greenwood__PRESSURE_SHOT","83580","84540","C:\Users\scott\soccer-video\out\atomic_clips\_quarantine\020__2025-09-20__TSC_vs_Greenwood__PRESSURE_SHOT__t83580.00-t84540.00.mp4"
"C:/Users/scott/soccer-video/out/games/2025-09-20__TSC_vs_Greenwood/MASTER.mp4","021__2025-09-20__TSC_vs_Greenwood__BUILD_UP_PLAY_SHOT__t1437.00-t1472.00_portrait_POST.mp4","TSC_vs_Greenwood__BUILD_UP_PLAY_SHOT","1437","1472","C:\Users\scott\soccer-video\out\atomic_clips\2025-09-20__TSC_vs_Greenwood\021__2025-09-20__TSC_vs_Greenwood__BUILD_UP_PLAY_SHOT__t1437.00-t1472.00_portrait_POST.mp4"
"C:/Users/scott/soccer-video/out/games/2025-09-20__TSC_vs_Greenwood/MASTER.mp4","022__2025-09-20__TSC_vs_Greenwood__GOAL__t1578.00-t1586.00_portrait_POST.mp4","TSC_vs_Greenwood__GOAL","1578","1586","C:\Users\scott\soccer-video\out\atomic_clips\2025-09-20__TSC_vs_Greenwood\022__2025-09-20__TSC_vs_Greenwood__GOAL__t1578.00-t1586.00_portrait_POST.mp4"
"C:/Users/scott/soccer-video/out/games/2025-09-20__TSC_vs_Greenwood/MASTER.mp4","023__2025-09-20__TSC_vs_Greenwood__BUILD_UP_PLAY_SHOT__t1711.00-t1722.00_portrait_POST.mp4","TSC_vs_Greenwood__BUILD_UP_PLAY_SHOT","1711","1722","C:\Users\scott\soccer-video\out\atomic_clips\2025-09-20__TSC_vs_Greenwood\023__2025-09-20__TSC_vs_Greenwood__BUILD_UP_PLAY_SHOT__t1711.00-t1722.00_portrait_POST.mp4"
"C:/Users/scott/soccer-video/out/games/2025-09-20__TSC_vs_Greenwood/MASTER.mp4","024__2025-09-20__TSC_vs_Greenwood__PRESSURE_SHOT__t1871.00-t1881.00_portrait_POST.mp4","TSC_vs_Greenwood__PRESSURE_SHOT","1871","1881","C:\Users\scott\soccer-video\out\atomic_clips\2025-09-20__TSC_vs_Greenwood\024__2025-09-20__TSC_vs_Greenwood__PRESSURE_SHOT__t1871.00-t1881.00_portrait_POST.mp4"
"C:/Users/scott/soccer-video/out/games/2025-09-20__TSC_vs_RVFC/MASTER.mp4","024__2025-09-20__TSC_vs_Greenwood__PRESSURE_SHOT__t2718000.00-t2754000.00.mp4","TSC_vs_Greenwood__PRESSURE_SHOT","2718000","2754000","C:\Users\scott\soccer-video\out\atomic_clips\_quarantine\024__2025-09-20__TSC_vs_Greenwood__PRESSURE_SHOT__t2718000.00-t2754000.00.mp4"
"C:/Users/scott/soccer-video/out/games/2025-09-20__TSC_vs_Greenwood/MASTER.mp4","025__2025-09-20__TSC_vs_Greenwood__GOAL__t1885.00-t1895.00_portrait_POST.mp4","TSC_vs_Greenwood__GOAL","1885","1895","C:\Users\scott\soccer-video\out\atomic_clips\2025-09-20__TSC_vs_Greenwood\025__2025-09-20__TSC_vs_Greenwood__GOAL__t1885.00-t1895.00_portrait_POST.mp4"
"C:/Users/scott/soccer-video/out/games/2025-09-20__TSC_vs_Greenwood/MASTER.mp4","026__2025-09-20__TSC_vs_Greenwood__PRESSURE_SHOT__t1951.00-t1962.00_portrait_POST.mp4","TSC_vs_Greenwood__PRESSURE_SHOT","1951","1962","C:\Users\scott\soccer-video\out\atomic_clips\2025-09-20__TSC_vs_Greenwood\026__2025-09-20__TSC_vs_Greenwood__PRESSURE_SHOT__t1951.00-t1962.00_portrait_POST.mp4"
"C:/Users/scott/soccer-video/out/games/2025-09-20__TSC_vs_Greenwood/MASTER.mp4","027__2025-09-20__TSC_vs_Greenwood__BUILD_UP_PLAY_SHOT__t2040.00-t2058.00_portrait_POST.mp4","TSC_vs_Greenwood__BUILD_UP_PLAY_SHOT","2040","2058","C:\Users\scott\soccer-video\out\atomic_clips\2025-09-20__TSC_vs_Greenwood\027__2025-09-20__TSC_vs_Greenwood__BUILD_UP_PLAY_SHOT__t2040.00-t2058.00_portrait_POST.mp4"
"C:/Users/scott/soccer-video/out/games/2025-09-20__TSC_vs_RVFC/MASTER.mp4","027__2025-09-20__TSC_vs_Greenwood__BUILD_UP_PLAY_SHOT__t2937600.00-t3002400.00.mp4","TSC_vs_Greenwood__BUILD_UP_PLAY_SHOT","2937600","3002400","C:\Users\scott\soccer-video\out\atomic_clips\_quarantine\027__2025-09-20__TSC_vs_Greenwood__BUILD_UP_PLAY_SHOT__t2937600.00-t3002400.00.mp4"
"C:/Users/scott/soccer-video/out/games/2025-09-20__TSC_vs_Greenwood/MASTER.mp4","028__2025-09-20__TSC_vs_Greenwood__BUILD_UP_PLAY_SHOT__t2092.00-t2105.00_portrait_POST.mp4","TSC_vs_Greenwood__BUILD_UP_PLAY_SHOT","2092","2105","C:\Users\scott\soccer-video\out\atomic_clips\2025-09-20__TSC_vs_Greenwood\028__2025-09-20__TSC_vs_Greenwood__BUILD_UP_PLAY_SHOT__t2092.00-t2105.00_portrait_POST.mp4"
"C:/Users/scott/soccer-video/out/games/2025-09-20__TSC_vs_Greenwood/MASTER.mp4","029__2025-09-20__TSC_vs_Greenwood__BUILD_UP_PLAY_SHOT__t2134.00-t2152.00_portrait_POST.mp4","TSC_vs_Greenwood__BUILD_UP_PLAY_SHOT","2134","2152","C:\Users\scott\soccer-video\out\atomic_clips\2025-09-20__TSC_vs_Greenwood\029__2025-09-20__TSC_vs_Greenwood__BUILD_UP_PLAY_SHOT__t2134.00-t2152.00_portrait_POST.mp4"
"C:/Users/scott/soccer-video/out/games/2025-09-20__TSC_vs_Greenwood/MASTER.mp4","030__2025-09-20__TSC_vs_Greenwood__FREE_KICK_WON_GOAL__t2175.00-t2211.00_portrait_POST.mp4","TSC_vs_Greenwood__FREE_KICK_WON_GOAL","2175","2211","C:\Users\scott\soccer-video\out\atomic_clips\2025-09-20__TSC_vs_Greenwood\030__2025-09-20__TSC_vs_Greenwood__FREE_KICK_WON_GOAL__t2175.00-t2211.00_portrait_POST.mp4"
"C:/Users/scott/soccer-video/out/games/2025-09-20__TSC_vs_Greenwood/MASTER.mp4","031__2025-09-20__TSC_vs_Greenwood__BUILD_UP_PLAY_SHOT__t2245.00-t2266.00_portrait_POST.mp4","TSC_vs_Greenwood__BUILD_UP_PLAY_SHOT","2245","2266","C:\Users\scott\soccer-video\out\atomic_clips\2025-09-20__TSC_vs_Greenwood\031__2025-09-20__TSC_vs_Greenwood__BUILD_UP_PLAY_SHOT__t2245.00-t2266.00_portrait_POST.mp4"
"C:/Users/scott/soccer-video/out/games/2025-09-20__TSC_vs_Greenwood/MASTER.mp4","032__2025-09-20__TSC_vs_Greenwood__BUILD_UP_PLAY_SHOT__t2544.00-t2561.00_portrait_POST.mp4","TSC_vs_Greenwood__BUILD_UP_PLAY_SHOT","2544","2561","C:\Users\scott\soccer-video\out\atomic_clips\2025-09-20__TSC_vs_Greenwood\032__2025-09-20__TSC_vs_Greenwood__BUILD_UP_PLAY_SHOT__t2544.00-t2561.00_portrait_POST.mp4"
"C:/Users/scott/soccer-video/out/games/2025-09-20__TSC_vs_Greenwood/MASTER.mp4","033__2025-09-20__TSC_vs_Greenwood__GOAL__t2562.00-t2582.00_portrait_POST.mp4","TSC_vs_Greenwood__GOAL","2562","2582","C:\Users\scott\soccer-video\out\atomic_clips\2025-09-20__TSC_vs_Greenwood\033__2025-09-20__TSC_vs_Greenwood__GOAL__t2562.00-t2582.00_portrait_POST.mp4"
"C:/Users/scott/soccer-video/out/games/2025-09-20__TSC_vs_Greenwood/MASTER.mp4","034__2025-09-20__TSC_vs_Greenwood__PRESSURE_SHOT__t2646.00-t2665.00_portrait_POST.mp4","TSC_vs_Greenwood__PRESSURE_SHOT","2646","2665","C:\Users\scott\soccer-video\out\atomic_clips\2025-09-20__TSC_vs_Greenwood\034__2025-09-20__TSC_vs_Greenwood__PRESSURE_SHOT__t2646.00-t2665.00_portrait_POST.mp4"
"C:/Users/scott/soccer-video/out/games/2025-09-20__TSC_vs_Greenwood/MASTER.mp4","035__2025-09-20__TSC_vs_Greenwood__CORNER__t2687.00-t2701.00_portrait_POST.mp4","TSC_vs_Greenwood__CORNER","2687","2701","C:\Users\scott\soccer-video\out\atomic_clips\2025-09-20__TSC_vs_Greenwood\035__2025-09-20__TSC_vs_Greenwood__CORNER__t2687.00-t2701.00_portrait_POST.mp4"
"C:/Users/scott/soccer-video/out/games/2025-09-20__TSC_vs_Greenwood/MASTER.mp4","036__2025-09-20__TSC_vs_Greenwood__PRESSURE_SHOT__t2705.00-t2715.00_portrait_POST.mp4","TSC_vs_Greenwood__PRESSURE_SHOT","2705","2715","C:\Users\scott\soccer-video\out\atomic_clips\2025-09-20__TSC_vs_Greenwood\036__2025-09-20__TSC_vs_Greenwood__PRESSURE_SHOT__t2705.00-t2715.00_portrait_POST.mp4"
"C:/Users/scott/soccer-video/out/games/2025-09-20__TSC_vs_RVFC/MASTER.mp4","036__2025-09-20__TSC_vs_Greenwood__PRESSURE_SHOT__t3906000.00-t3942000.00.mp4","TSC_vs_Greenwood__PRESSURE_SHOT","3906000","3942000","C:\Users\scott\soccer-video\out\atomic_clips\_quarantine\036__2025-09-20__TSC_vs_Greenwood__PRESSURE_SHOT__t3906000.00-t3942000.00.mp4"
"C:/Users/scott/soccer-video/out/games/2025-09-20__TSC_vs_Greenwood/MASTER.mp4","037__2025-09-20__TSC_vs_Greenwood__PRESSURE_GOAL__t2729.00-t2749.00_portrait_POST.mp4","TSC_vs_Greenwood__PRESSURE_GOAL","2729","2749","C:\Users\scott\soccer-video\out\atomic_clips\2025-09-20__TSC_vs_Greenwood\037__2025-09-20__TSC_vs_Greenwood__PRESSURE_GOAL__t2729.00-t2749.00_portrait_POST.mp4"
"C:/Users/scott/soccer-video/out/games/2025-09-20__TSC_vs_Greenwood/MASTER.mp4","038__2025-09-20__TSC_vs_Greenwood__PRESSURE_SHOT__t2770.00-t2827.00_portrait_POST.mp4","TSC_vs_Greenwood__PRESSURE_SHOT","2770","2827","C:\Users\scott\soccer-video\out\atomic_clips\2025-09-20__TSC_vs_Greenwood\038__2025-09-20__TSC_vs_Greenwood__PRESSURE_SHOT__t2770.00-t2827.00_portrait_POST.mp4"
"C:/Users/scott/soccer-video/out/games/2025-09-20__TSC_vs_RVFC/MASTER.mp4","038__2025-09-20__TSC_vs_Greenwood__PRESSURE_SHOT__t4010400.00-t4086000.00.mp4","TSC_vs_Greenwood__PRESSURE_SHOT","4010400","4086000","C:\Users\scott\soccer-video\out\atomic_clips\_quarantine\038__2025-09-20__TSC_vs_Greenwood__PRESSURE_SHOT__t4010400.00-t4086000.00.mp4"
"C:/Users/scott/soccer-video/out/games/2025-09-20__TSC_vs_Greenwood/MASTER.mp4","039__2025-09-20__TSC_vs_Greenwood__BUILD_UP_PLAY_SHOT__t2894.00-t2914.00_portrait_POST.mp4","TSC_vs_Greenwood__BUILD_UP_PLAY_SHOT","2894","2914","C:\Users\scott\soccer-video\out\atomic_clips\2025-09-20__TSC_vs_Greenwood\039__2025-09-20__TSC_vs_Greenwood__BUILD_UP_PLAY_SHOT__t2894.00-t2914.00_portrait_POST.mp4"
"C:/Users/scott/soccer-video/out/games/2025-09-20__TSC_vs_RVFC/MASTER.mp4","001__2025-09-20__TSC_vs_RVFC__SHOT__t7320.00-t7860.00.mp4","TSC_vs_RVFC__SHOT","7320","7860","C:\Users\scott\soccer-video\out\atomic_clips\_quarantine\001__2025-09-20__TSC_vs_RVFC__SHOT__t7320.00-t7860.00.mp4"
"C:/Users/scott/soccer-video/out/games/2025-09-20__TSC_vs_RVFC/MASTER.mp4","002__2025-09-20__TSC_vs_RVFC__PRESSURE_SHOT__t7920.00-t8880.00.mp4","TSC_vs_RVFC__PRESSURE_SHOT","7920","8880","C:\Users\scott\soccer-video\out\atomic_clips\_quarantine\002__2025-09-20__TSC_vs_RVFC__PRESSURE_SHOT__t7920.00-t8880.00.mp4"
"C:/Users/scott/soccer-video/out/games/2025-09-20__TSC_vs_RVFC/MASTER.mp4","003__2025-09-20__TSC_vs_RVFC__PRESSURE_SHOT__t15480.00-t16260.00.mp4","TSC_vs_RVFC__PRESSURE_SHOT","15480","16260","C:\Users\scott\soccer-video\out\atomic_clips\_quarantine\003__2025-09-20__TSC_vs_RVFC__PRESSURE_SHOT__t15480.00-t16260.00.mp4"
"C:/Users/scott/soccer-video/out/games/2025-09-20__TSC_vs_RVFC/MASTER.mp4","004__2025-09-20__TSC_vs_RVFC__PRESSURE_GOAL__t17880.00-t18720.00.mp4","TSC_vs_RVFC__PRESSURE_GOAL","17880","18720","C:\Users\scott\soccer-video\out\atomic_clips\_quarantine\004__2025-09-20__TSC_vs_RVFC__PRESSURE_GOAL__t17880.00-t18720.00.mp4"
"C:/Users/scott/soccer-video/out/games/2025-09-20__TSC_vs_RVFC/MASTER.mp4","005__2025-09-20__TSC_vs_RVFC__BUILD_UP_PLAY_SHOT__t21000.00-t22020.00.mp4","TSC_vs_RVFC__BUILD_UP_PLAY_SHOT","21000","22020","C:\Users\scott\soccer-video\out\atomic_clips\_quarantine\005__2025-09-20__TSC_vs_RVFC__BUILD_UP_PLAY_SHOT__t21000.00-t22020.00.mp4"
"C:/Users/scott/soccer-video/out/games/2025-09-20__TSC_vs_RVFC/MASTER.mp4","006__2025-09-20__TSC_vs_RVFC__SHOT__t31020.00-t31680.00.mp4","TSC_vs_RVFC__SHOT","31020","31680","C:\Users\scott\soccer-video\out\atomic_clips\_quarantine\006__2025-09-20__TSC_vs_RVFC__SHOT__t31020.00-t31680.00.mp4"
"C:/Users/scott/soccer-video/out/games/2025-09-20__TSC_vs_RVFC/MASTER.mp4","006__2025-09-20__TSC_vs_RVFC__SHOT__t517.00-t528.00_portrait_POST.mp4","TSC_vs_RVFC__SHOT","517","528","C:\Users\scott\soccer-video\out\atomic_clips\2025-09-20__TSC_vs_RVFC\006__2025-09-20__TSC_vs_RVFC__SHOT__t517.00-t528.00_portrait_POST.mp4"
"C:/Users/scott/soccer-video/out/games/2025-09-20__TSC_vs_RVFC/MASTER.mp4","007__2025-09-20__TSC_vs_RVFC__PRESSURE_GOAL__t31740.00-t32820.00.mp4","TSC_vs_RVFC__PRESSURE_GOAL","31740","32820","C:\Users\scott\soccer-video\out\atomic_clips\_quarantine\007__2025-09-20__TSC_vs_RVFC__PRESSURE_GOAL__t31740.00-t32820.00.mp4"
"C:/Users/scott/soccer-video/out/games/2025-09-20__TSC_vs_RVFC/MASTER.mp4","007__2025-09-20__TSC_vs_RVFC__PRESSURE_GOAL__t529.00-t547.00_portrait_POST.mp4","TSC_vs_RVFC__PRESSURE_GOAL","529","547","C:\Users\scott\soccer-video\out\atomic_clips\2025-09-20__TSC_vs_RVFC\007__2025-09-20__TSC_vs_RVFC__PRESSURE_GOAL__t529.00-t547.00_portrait_POST.mp4"
"C:/Users/scott/soccer-video/out/games/2025-09-20__TSC_vs_RVFC/MASTER.mp4","008__2025-09-20__TSC_vs_RVFC__BUILD_UP_PLAY_SHOT__t33900.00-t36000.00.mp4","TSC_vs_RVFC__BUILD_UP_PLAY_SHOT","33900","36000","C:\Users\scott\soccer-video\out\atomic_clips\_quarantine\008__2025-09-20__TSC_vs_RVFC__BUILD_UP_PLAY_SHOT__t33900.00-t36000.00.mp4"
"C:/Users/scott/soccer-video/out/games/2025-09-20__TSC_vs_RVFC/MASTER.mp4","008__2025-09-20__TSC_vs_RVFC__BUILD_UP_PLAY_SHOT__t565.00-t600.00_portrait_POST.mp4","TSC_vs_RVFC__BUILD_UP_PLAY_SHOT","565","600","C:\Users\scott\soccer-video\out\atomic_clips\2025-09-20__TSC_vs_RVFC\008__2025-09-20__TSC_vs_RVFC__BUILD_UP_PLAY_SHOT__t565.00-t600.00_portrait_POST.mp4"
"C:/Users/scott/soccer-video/out/games/2025-09-20__TSC_vs_RVFC/MASTER.mp4","009__2025-09-20__TSC_vs_RVFC__PRESSURE_SHOT__t36240.00-t37200.00.mp4","TSC_vs_RVFC__PRESSURE_SHOT","36240","37200","C:\Users\scott\soccer-video\out\atomic_clips\_quarantine\009__2025-09-20__TSC_vs_RVFC__PRESSURE_SHOT__t36240.00-t37200.00.mp4"
"C:/Users/scott/soccer-video/out/games/2025-09-20__TSC_vs_RVFC/MASTER.mp4","009__2025-09-20__TSC_vs_RVFC__PRESSURE_SHOT__t604.00-t620.00_portrait_POST.mp4","TSC_vs_RVFC__PRESSURE_SHOT","604","620","C:\Users\scott\soccer-video\out\atomic_clips\2025-09-20__TSC_vs_RVFC\009__2025-09-20__TSC_vs_RVFC__PRESSURE_SHOT__t604.00-t620.00_portrait_POST.mp4"
"C:/Users/scott/soccer-video/out/games/2025-09-20__TSC_vs_RVFC/MASTER.mp4","010__2025-09-20__TSC_vs_RVFC__PRESSURE_SHOT__t40500.00-t41340.00.mp4","TSC_vs_RVFC__PRESSURE_SHOT","40500","41340","C:\Users\scott\soccer-video\out\atomic_clips\_quarantine\010__2025-09-20__TSC_vs_RVFC__PRESSURE_SHOT__t40500.00-t41340.00.mp4"
"C:/Users/scott/soccer-video/out/games/2025-09-20__TSC_vs_RVFC/MASTER.mp4","010__2025-09-20__TSC_vs_RVFC__PRESSURE_SHOT__t675.00-t689.00_portrait_POST.mp4","TSC_vs_RVFC__PRESSURE_SHOT","675","689","C:\Users\scott\soccer-video\out\atomic_clips\2025-09-20__TSC_vs_RVFC\010__2025-09-20__TSC_vs_RVFC__PRESSURE_SHOT__t675.00-t689.00_portrait_POST.mp4"
"C:/Users/scott/soccer-video/out/games/2025-09-20__TSC_vs_RVFC/MASTER.mp4","011__2025-09-20__TSC_vs_RVFC__PRESSURE_SHOT__t41340.00-t42120.00.mp4","TSC_vs_RVFC__PRESSURE_SHOT","41340","42120","C:\Users\scott\soccer-video\out\atomic_clips\_quarantine\011__2025-09-20__TSC_vs_RVFC__PRESSURE_SHOT__t41340.00-t42120.00.mp4"
"C:/Users/scott/soccer-video/out/games/2025-09-20__TSC_vs_RVFC/MASTER.mp4","011__2025-09-20__TSC_vs_RVFC__PRESSURE_SHOT__t689.00-t702.00_portrait_POST.mp4","TSC_vs_RVFC__PRESSURE_SHOT","689","702","C:\Users\scott\soccer-video\out\atomic_clips\2025-09-20__TSC_vs_RVFC\011__2025-09-20__TSC_vs_RVFC__PRESSURE_SHOT__t689.00-t702.00_portrait_POST.mp4"
"C:/Users/scott/soccer-video/out/games/2025-09-20__TSC_vs_RVFC/MASTER.mp4","012__2025-09-20__TSC_vs_RVFC__BUILD_UP_PLAY_SHOT__t44760.00-t45420.00.mp4","TSC_vs_RVFC__BUILD_UP_PLAY_SHOT","44760","45420","C:\Users\scott\soccer-video\out\atomic_clips\_quarantine\012__2025-09-20__TSC_vs_RVFC__BUILD_UP_PLAY_SHOT__t44760.00-t45420.00.mp4"
"C:/Users/scott/soccer-video/out/games/2025-09-20__TSC_vs_RVFC/MASTER.mp4","012__2025-09-20__TSC_vs_RVFC__BUILD_UP_PLAY_SHOT__t746.00-t757.00_portrait_POST.mp4","TSC_vs_RVFC__BUILD_UP_PLAY_SHOT","746","757","C:\Users\scott\soccer-video\out\atomic_clips\2025-09-20__TSC_vs_RVFC\012__2025-09-20__TSC_vs_RVFC__BUILD_UP_PLAY_SHOT__t746.00-t757.00_portrait_POST.mp4"
"C:/Users/scott/soccer-video/out/games/2025-09-20__TSC_vs_RVFC/MASTER.mp4","013__2025-09-20__TSC_vs_RVFC__BUILD_UP_PLAY_SHOT__t49260.00-t51900.00.mp4","TSC_vs_RVFC__BUILD_UP_PLAY_SHOT","49260","51900","C:\Users\scott\soccer-video\out\atomic_clips\_quarantine\013__2025-09-20__TSC_vs_RVFC__BUILD_UP_PLAY_SHOT__t49260.00-t51900.00.mp4"
"C:/Users/scott/soccer-video/out/games/2025-09-20__TSC_vs_RVFC/MASTER.mp4","013__2025-09-20__TSC_vs_RVFC__BUILD_UP_PLAY_SHOT__t821.00-t865.00_portrait_POST.mp4","TSC_vs_RVFC__BUILD_UP_PLAY_SHOT","821","865","C:\Users\scott\soccer-video\out\atomic_clips\2025-09-20__TSC_vs_RVFC\013__2025-09-20__TSC_vs_RVFC__BUILD_UP_PLAY_SHOT__t821.00-t865.00_portrait_POST.mp4"
"C:/Users/scott/soccer-video/out/games/2025-09-20__TSC_vs_RVFC/MASTER.mp4","014__2025-09-20__TSC_vs_RVFC__DEFENSE_BUILD_UP__t52800.00-t53820.00.mp4","TSC_vs_RVFC__DEFENSE_BUILD_UP","52800","53820","C:\Users\scott\soccer-video\out\atomic_clips\_quarantine\014__2025-09-20__TSC_vs_RVFC__DEFENSE_BUILD_UP__t52800.00-t53820.00.mp4"
"C:/Users/scott/soccer-video/out/games/2025-09-20__TSC_vs_RVFC/MASTER.mp4","014__2025-09-20__TSC_vs_RVFC__DEFENSE_BUILD_UP__t880.00-t897.00_portrait_POST.mp4","TSC_vs_RVFC__DEFENSE_BUILD_UP","880","897","C:\Users\scott\soccer-video\out\atomic_clips\2025-09-20__TSC_vs_RVFC\014__2025-09-20__TSC_vs_RVFC__DEFENSE_BUILD_UP__t880.00-t897.00_portrait_POST.mp4"
"C:/Users/scott/soccer-video/out/games/2025-09-20__TSC_vs_RVFC/MASTER.mp4","015__2025-09-20__TSC_vs_RVFC__SHOT__t55800.00-t56220.00.mp4","TSC_vs_RVFC__SHOT","55800","56220","C:\Users\scott\soccer-video\out\atomic_clips\_quarantine\015__2025-09-20__TSC_vs_RVFC__SHOT__t55800.00-t56220.00.mp4"
"C:/Users/scott/soccer-video/out/games/2025-09-20__TSC_vs_RVFC/MASTER.mp4","015__2025-09-20__TSC_vs_RVFC__SHOT__t930.00-t937.00_portrait_POST.mp4","TSC_vs_RVFC__SHOT","930","937","C:\Users\scott\soccer-video\out\atomic_clips\2025-09-20__TSC_vs_RVFC\015__2025-09-20__TSC_vs_RVFC__SHOT__t930.00-t937.00_portrait_POST.mp4"
"C:/Users/scott/soccer-video/out/games/2025-09-20__TSC_vs_RVFC/MASTER.mp4","016__2025-09-20__TSC_vs_RVFC__BUILD_UP_PLAY_SHOT__t59940.00-t61320.00.mp4","TSC_vs_RVFC__BUILD_UP_PLAY_SHOT","59940","61320","C:\Users\scott\soccer-video\out\atomic_clips\_quarantine\016__2025-09-20__TSC_vs_RVFC__BUILD_UP_PLAY_SHOT__t59940.00-t61320.00.mp4"
"C:/Users/scott/soccer-video/out/games/2025-09-20__TSC_vs_RVFC/MASTER.mp4","016__2025-09-20__TSC_vs_RVFC__BUILD_UP_PLAY_SHOT__t999.00-t1022.00_portrait_POST.mp4","TSC_vs_RVFC__BUILD_UP_PLAY_SHOT","999","1022","C:\Users\scott\soccer-video\out\atomic_clips\2025-09-20__TSC_vs_RVFC\016__2025-09-20__TSC_vs_RVFC__BUILD_UP_PLAY_SHOT__t999.00-t1022.00_portrait_POST.mp4"
"C:/Users/scott/soccer-video/out/games/2025-09-20__TSC_vs_RVFC/MASTER.mp4","017__2025-09-20__TSC_vs_RVFC__BUILD_UP_PLAY_SHOT__t1088.00-t1124.00_portrait_POST.mp4","TSC_vs_RVFC__BUILD_UP_PLAY_SHOT","1088","1124","C:\Users\scott\soccer-video\out\atomic_clips\2025-09-20__TSC_vs_RVFC\017__2025-09-20__TSC_vs_RVFC__BUILD_UP_PLAY_SHOT__t1088.00-t1124.00_portrait_POST.mp4"
"C:/Users/scott/soccer-video/out/games/2025-09-20__TSC_vs_RVFC/MASTER.mp4","017__2025-09-20__TSC_vs_RVFC__BUILD_UP_PLAY_SHOT__t65280.00-t67440.00.mp4","TSC_vs_RVFC__BUILD_UP_PLAY_SHOT","65280","67440","C:\Users\scott\soccer-video\out\atomic_clips\_quarantine\017__2025-09-20__TSC_vs_RVFC__BUILD_UP_PLAY_SHOT__t65280.00-t67440.00.mp4"
"C:/Users/scott/soccer-video/out/games/2025-09-20__TSC_vs_RVFC/MASTER.mp4","018__2025-09-20__TSC_vs_RVFC__DRIBBLING_SHOT__t1147.00-t1153.00_portrait_POST.mp4","TSC_vs_RVFC__DRIBBLING_SHOT","1147","1153","C:\Users\scott\soccer-video\out\atomic_clips\2025-09-20__TSC_vs_RVFC\018__2025-09-20__TSC_vs_RVFC__DRIBBLING_SHOT__t1147.00-t1153.00_portrait_POST.mp4"
"C:/Users/scott/soccer-video/out/games/2025-09-20__TSC_vs_RVFC/MASTER.mp4","018__2025-09-20__TSC_vs_RVFC__DRIBBLING_SHOT__t68820.00-t69180.00.mp4","TSC_vs_RVFC__DRIBBLING_SHOT","68820","69180","C:\Users\scott\soccer-video\out\atomic_clips\_quarantine\018__2025-09-20__TSC_vs_RVFC__DRIBBLING_SHOT__t68820.00-t69180.00.mp4"
"C:/Users/scott/soccer-video/out/games/2025-09-20__TSC_vs_RVFC/MASTER.mp4","019__2025-09-20__TSC_vs_RVFC__BUILD_UP_PLAY_SHOT__t1158.00-t1182.00_portrait_POST.mp4","TSC_vs_RVFC__BUILD_UP_PLAY_SHOT","1158","1182","C:\Users\scott\soccer-video\out\atomic_clips\2025-09-20__TSC_vs_RVFC\019__2025-09-20__TSC_vs_RVFC__BUILD_UP_PLAY_SHOT__t1158.00-t1182.00_portrait_POST.mp4"
"C:/Users/scott/soccer-video/out/games/2025-09-20__TSC_vs_RVFC/MASTER.mp4","019__2025-09-20__TSC_vs_RVFC__BUILD_UP_PLAY_SHOT__t69480.00-t70920.00.mp4","TSC_vs_RVFC__BUILD_UP_PLAY_SHOT","69480","70920","C:\Users\scott\soccer-video\out\atomic_clips\_quarantine\019__2025-09-20__TSC_vs_RVFC__BUILD_UP_PLAY_SHOT__t69480.00-t70920.00.mp4"
"C:/Users/scott/soccer-video/out/games/2025-09-20__TSC_vs_RVFC/MASTER.mp4","020__2025-09-20__TSC_vs_RVFC__SHOT__t1236.00-t1243.00_portrait_POST.mp4","TSC_vs_RVFC__SHOT","1236","1243","C:\Users\scott\soccer-video\out\atomic_clips\2025-09-20__TSC_vs_RVFC\020__2025-09-20__TSC_vs_RVFC__SHOT__t1236.00-t1243.00_portrait_POST.mp4"
"C:/Users/scott/soccer-video/out/games/2025-09-20__TSC_vs_RVFC/MASTER.mp4","020__2025-09-20__TSC_vs_RVFC__SHOT__t74160.00-t74580.00.mp4","TSC_vs_RVFC__SHOT","74160","74580","C:\Users\scott\soccer-video\out\atomic_clips\_quarantine\020__2025-09-20__TSC_vs_RVFC__SHOT__t74160.00-t74580.00.mp4"
"C:/Users/scott/soccer-video/out/games/2025-09-20__TSC_vs_RVFC/MASTER.mp4","021__2025-09-20__TSC_vs_RVFC__CROSS__t1275.00-t1293.00_portrait_POST.mp4","TSC_vs_RVFC__CROSS","1275","1293","C:\Users\scott\soccer-video\out\atomic_clips\2025-09-20__TSC_vs_RVFC\021__2025-09-20__TSC_vs_RVFC__CROSS__t1275.00-t1293.00_portrait_POST.mp4"
"C:/Users/scott/soccer-video/out/games/2025-09-20__TSC_vs_RVFC/MASTER.mp4","021__2025-09-20__TSC_vs_RVFC__CROSS__t76500.00-t77580.00.mp4","TSC_vs_RVFC__CROSS","76500","77580","C:\Users\scott\soccer-video\out\atomic_clips\_quarantine\021__2025-09-20__TSC_vs_RVFC__CROSS__t76500.00-t77580.00.mp4"
"C:/Users/scott/soccer-video/out/games/2025-09-20__TSC_vs_RVFC/MASTER.mp4","022__2025-09-20__TSC_vs_RVFC__PRESSURE_SHOT__t1300.00-t1310.00_portrait_POST.mp4","TSC_vs_RVFC__PRESSURE_SHOT","1300","1310","C:\Users\scott\soccer-video\out\atomic_clips\2025-09-20__TSC_vs_RVFC\022__2025-09-20__TSC_vs_RVFC__PRESSURE_SHOT__t1300.00-t1310.00_portrait_POST.mp4"
"C:/Users/scott/soccer-video/out/games/2025-09-20__TSC_vs_RVFC/MASTER.mp4","022__2025-09-20__TSC_vs_RVFC__PRESSURE_SHOT__t78000.00-t78600.00.mp4","TSC_vs_RVFC__PRESSURE_SHOT","78000","78600","C:\Users\scott\soccer-video\out\atomic_clips\_quarantine\022__2025-09-20__TSC_vs_RVFC__PRESSURE_SHOT__t78000.00-t78600.00.mp4"
"C:/Users/scott/soccer-video/out/games/2025-09-20__TSC_vs_RVFC/MASTER.mp4","023__2025-09-20__TSC_vs_RVFC__PRESSURE_SHOT__t1316.00-t1329.00_portrait_POST.mp4","TSC_vs_RVFC__PRESSURE_SHOT","1316","1329","C:\Users\scott\soccer-video\out\atomic_clips\2025-09-20__TSC_vs_RVFC\023__2025-09-20__TSC_vs_RVFC__PRESSURE_SHOT__t1316.00-t1329.00_portrait_POST.mp4"
"C:/Users/scott/soccer-video/out/games/2025-09-20__TSC_vs_RVFC/MASTER.mp4","023__2025-09-20__TSC_vs_RVFC__PRESSURE_SHOT__t78960.00-t79740.00.mp4","TSC_vs_RVFC__PRESSURE_SHOT","78960","79740","C:\Users\scott\soccer-video\out\atomic_clips\_quarantine\023__2025-09-20__TSC_vs_RVFC__PRESSURE_SHOT__t78960.00-t79740.00.mp4"
"C:/Users/scott/soccer-video/out/games/2025-09-20__TSC_vs_RVFC/MASTER.mp4","024__2025-09-20__TSC_vs_RVFC__FREE_KICK__t1402.00-t1421.00_portrait_POST.mp4","TSC_vs_RVFC__FREE_KICK","1402","1421","C:\Users\scott\soccer-video\out\atomic_clips\2025-09-20__TSC_vs_RVFC\024__2025-09-20__TSC_vs_RVFC__FREE_KICK__t1402.00-t1421.00_portrait_POST.mp4"
"C:/Users/scott/soccer-video/out/games/2025-09-20__TSC_vs_RVFC/MASTER.mp4","024__2025-09-20__TSC_vs_RVFC__FREE_KICK__t84120.00-t85260.00.mp4","TSC_vs_RVFC__FREE_KICK","84120","85260","C:\Users\scott\soccer-video\out\atomic_clips\_quarantine\024__2025-09-20__TSC_vs_RVFC__FREE_KICK__t84120.00-t85260.00.mp4"
"C:/Users/scott/soccer-video/out/games/2025-09-20__TSC_vs_RVFC/MASTER.mp4","025__2025-09-20__TSC_vs_RVFC__PRESSURE_GOAL__t1512.00-t1520.00_portrait_POST.mp4","TSC_vs_RVFC__PRESSURE_GOAL","1512","1520","C:\Users\scott\soccer-video\out\atomic_clips\2025-09-20__TSC_vs_RVFC\025__2025-09-20__TSC_vs_RVFC__PRESSURE_GOAL__t1512.00-t1520.00_portrait_POST.mp4"
"C:/Users/scott/soccer-video/out/games/2025-09-20__TSC_vs_RVFC/MASTER.mp4","025__2025-09-20__TSC_vs_RVFC__PRESSURE_GOAL__t2203200.00-t2232000.00.mp4","TSC_vs_RVFC__PRESSURE_GOAL","2203200","2232000","C:\Users\scott\soccer-video\out\atomic_clips\_quarantine\025__2025-09-20__TSC_vs_RVFC__PRESSURE_GOAL__t2203200.00-t2232000.00.mp4"
"C:/Users/scott/soccer-video/out/games/2025-09-20__TSC_vs_RVFC/MASTER.mp4","026__2025-09-20__TSC_vs_RVFC__DRIBBLING_SHOT__t1800.00-t1810.00_portrait_POST.mp4","TSC_vs_RVFC__DRIBBLING_SHOT","1800","1810","C:\Users\scott\soccer-video\out\atomic_clips\2025-09-20__TSC_vs_RVFC\026__2025-09-20__TSC_vs_RVFC__DRIBBLING_SHOT__t1800.00-t1810.00_portrait_POST.mp4"
"C:/Users/scott/soccer-video/out/games/2025-09-20__TSC_vs_RVFC/MASTER.mp4","026__2025-09-20__TSC_vs_RVFC__DRIBBLING_SHOT__t2592000.00-t2628000.00.mp4","TSC_vs_RVFC__DRIBBLING_SHOT","2592000","2628000","C:\Users\scott\soccer-video\out\atomic_clips\_quarantine\026__2025-09-20__TSC_vs_RVFC__DRIBBLING_SHOT__t2592000.00-t2628000.00.mp4"
"C:/Users/scott/soccer-video/out/games/2025-09-20__TSC_vs_RVFC/MASTER.mp4","027__2025-09-20__TSC_vs_RVFC__SHOT__t1827.00-t1834.00_portrait_POST.mp4","TSC_vs_RVFC__SHOT","1827","1834","C:\Users\scott\soccer-video\out\atomic_clips\2025-09-20__TSC_vs_RVFC\027__2025-09-20__TSC_vs_RVFC__SHOT__t1827.00-t1834.00_portrait_POST.mp4"
"C:/Users/scott/soccer-video/out/games/2025-09-20__TSC_vs_RVFC/MASTER.mp4","028__2025-09-20__TSC_vs_RVFC__CORNER__t1852.00-t1875.00_portrait_POST.mp4","TSC_vs_RVFC__CORNER","1852","1875","C:\Users\scott\soccer-video\out\atomic_clips\2025-09-20__TSC_vs_RVFC\028__2025-09-20__TSC_vs_RVFC__CORNER__t1852.00-t1875.00_portrait_POST.mp4"
"C:/Users/scott/soccer-video/out/games/2025-09-20__TSC_vs_RVFC/MASTER.mp4","029__2025-09-20__TSC_vs_RVFC__PRESSURE_SHOT__t1883.00-t1893.00_portrait_POST.mp4","TSC_vs_RVFC__PRESSURE_SHOT","1883","1893","C:\Users\scott\soccer-video\out\atomic_clips\2025-09-20__TSC_vs_RVFC\029__2025-09-20__TSC_vs_RVFC__PRESSURE_SHOT__t1883.00-t1893.00_portrait_POST.mp4"
"C:/Users/scott/soccer-video/out/games/2025-09-20__TSC_vs_RVFC/MASTER.mp4","030__2025-09-20__TSC_vs_RVFC__PRESSURE_SHOT__t1898.00-t1911.00_portrait_POST.mp4","TSC_vs_RVFC__PRESSURE_SHOT","1898","1911","C:\Users\scott\soccer-video\out\atomic_clips\2025-09-20__TSC_vs_RVFC\030__2025-09-20__TSC_vs_RVFC__PRESSURE_SHOT__t1898.00-t1911.00_portrait_POST.mp4"
"C:/Users/scott/soccer-video/out/games/2025-09-20__TSC_vs_RVFC/MASTER.mp4","031__2025-09-20__TSC_vs_RVFC__PRESSURE_SHOT__t1964.00-t1975.00_portrait_POST.mp4","TSC_vs_RVFC__PRESSURE_SHOT","1964","1975","C:\Users\scott\soccer-video\out\atomic_clips\2025-09-20__TSC_vs_RVFC\031__2025-09-20__TSC_vs_RVFC__PRESSURE_SHOT__t1964.00-t1975.00_portrait_POST.mp4"
"C:/Users/scott/soccer-video/out/games/2025-09-20__TSC_vs_RVFC/MASTER.mp4","032__2025-09-20__TSC_vs_RVFC__BUILD_UP_PLAY_SHOT__t2034.00-t2057.00_portrait_POST.mp4","TSC_vs_RVFC__BUILD_UP_PLAY_SHOT","2034","2057","C:\Users\scott\soccer-video\out\atomic_clips\2025-09-20__TSC_vs_RVFC\032__2025-09-20__TSC_vs_RVFC__BUILD_UP_PLAY_SHOT__t2034.00-t2057.00_portrait_POST.mp4"
"C:/Users/scott/soccer-video/out/games/2025-09-20__TSC_vs_RVFC/MASTER.mp4","033__2025-09-20__TSC_vs_RVFC__BUILD_UP_PLAY_SHOT__t2131.00-t2150.00_portrait_POST.mp4","TSC_vs_RVFC__BUILD_UP_PLAY_SHOT","2131","2150","C:\Users\scott\soccer-video\out\atomic_clips\2025-09-20__TSC_vs_RVFC\033__2025-09-20__TSC_vs_RVFC__BUILD_UP_PLAY_SHOT__t2131.00-t2150.00_portrait_POST.mp4"
"C:/Users/scott/soccer-video/out/games/2025-09-20__TSC_vs_RVFC/MASTER.mp4","034__2025-09-20__TSC_vs_RVFC__PRESSURE_GOAL__t2158.00-t2169.00_portrait_POST.mp4","TSC_vs_RVFC__PRESSURE_GOAL","2158","2169","C:\Users\scott\soccer-video\out\atomic_clips\2025-09-20__TSC_vs_RVFC\034__2025-09-20__TSC_vs_RVFC__PRESSURE_GOAL__t2158.00-t2169.00_portrait_POST.mp4"
"C:/Users/scott/soccer-video/out/games/2025-09-20__TSC_vs_RVFC/MASTER.mp4","035__2025-09-20__TSC_vs_RVFC__BUILD_UP_PLAY_SHOT__t2297.00-t2312.00_portrait_POST.mp4","TSC_vs_RVFC__BUILD_UP_PLAY_SHOT","2297","2312","C:\Users\scott\soccer-video\out\atomic_clips\2025-09-20__TSC_vs_RVFC\035__2025-09-20__TSC_vs_RVFC__BUILD_UP_PLAY_SHOT__t2297.00-t2312.00_portrait_POST.mp4"
"C:/Users/scott/soccer-video/out/games/2025-09-20__TSC_vs_RVFC/MASTER.mp4","036__2025-09-20__TSC_vs_RVFC__PRESSURE_GOAL__t2348.00-t2367.00_portrait_POST.mp4","TSC_vs_RVFC__PRESSURE_GOAL","2348","2367","C:\Users\scott\soccer-video\out\atomic_clips\2025-09-20__TSC_vs_RVFC\036__2025-09-20__TSC_vs_RVFC__PRESSURE_GOAL__t2348.00-t2367.00_portrait_POST.mp4"
"C:/Users/scott/soccer-video/out/games/2025-09-20__TSC_vs_RVFC/MASTER.mp4","037__2025-09-20__TSC_vs_RVFC__PRESSURE_SHOT__t2388.00-t2397.00_portrait_POST.mp4","TSC_vs_RVFC__PRESSURE_SHOT","2388","2397","C:\Users\scott\soccer-video\out\atomic_clips\2025-09-20__TSC_vs_RVFC\037__2025-09-20__TSC_vs_RVFC__PRESSURE_SHOT__t2388.00-t2397.00_portrait_POST.mp4"
"C:/Users/scott/soccer-video/out/games/2025-09-20__TSC_vs_RVFC/MASTER.mp4","038__2025-09-20__TSC_vs_RVFC__PRESSURE_GOAL__t2411.00-t2431.00_portrait_POST.mp4","TSC_vs_RVFC__PRESSURE_GOAL","2411","2431","C:\Users\scott\soccer-video\out\atomic_clips\2025-09-20__TSC_vs_RVFC\038__2025-09-20__TSC_vs_RVFC__PRESSURE_GOAL__t2411.00-t2431.00_portrait_POST.mp4"
"C:/Users/scott/soccer-video/out/games/2025-09-20__TSC_vs_RVFC/MASTER.mp4","039__2025-09-20__TSC_vs_RVFC__PRESSURE_GOAL__t2485.00-t2506.00_portrait_POST.mp4","TSC_vs_RVFC__PRESSURE_GOAL","2485","2506","C:\Users\scott\soccer-video\out\atomic_clips\2025-09-20__TSC_vs_RVFC\039__2025-09-20__TSC_vs_RVFC__PRESSURE_GOAL__t2485.00-t2506.00_portrait_POST.mp4"
"C:/Users/scott/soccer-video/out/games/2025-09-20__TSC_vs_RVFC/MASTER.mp4","040__2025-09-20__TSC_vs_RVFC__BUILD_UP_PLAY_SHOT__t2571.00-t2599.00_portrait_POST.mp4","TSC_vs_RVFC__BUILD_UP_PLAY_SHOT","2571","2599","C:\Users\scott\soccer-video\out\atomic_clips\2025-09-20__TSC_vs_RVFC\040__2025-09-20__TSC_vs_RVFC__BUILD_UP_PLAY_SHOT__t2571.00-t2599.00_portrait_POST.mp4"
"C:/Users/scott/soccer-video/out/games/2025-09-20__TSC_vs_RVFC/MASTER.mp4","041__2025-09-20__TSC_vs_RVFC__CORNER__t2712.00-t2722.00_portrait_POST.mp4","TSC_vs_RVFC__CORNER","2712","2722","C:\Users\scott\soccer-video\out\atomic_clips\2025-09-20__TSC_vs_RVFC\041__2025-09-20__TSC_vs_RVFC__CORNER__t2712.00-t2722.00_portrait_POST.mp4"
"C:/Users/scott/soccer-video/out/games/2025-09-20__TSC_vs_RVFC/MASTER.mp4","041__2025-09-20__TSC_vs_RVFC__CORNER__t3931200.00-t3967200.00.mp4","TSC_vs_RVFC__CORNER","3931200","3967200","C:\Users\scott\soccer-video\out\atomic_clips\_quarantine\041__2025-09-20__TSC_vs_RVFC__CORNER__t3931200.00-t3967200.00.mp4"
"C:/Users/scott/soccer-video/out/games/2025-09-20__TSC_vs_RVFC/MASTER.mp4","042__2025-09-20__TSC_vs_RVFC__CORNER__t2765.00-t2783.00_portrait_POST.mp4","TSC_vs_RVFC__CORNER","2765","2783","C:\Users\scott\soccer-video\out\atomic_clips\2025-09-20__TSC_vs_RVFC\042__2025-09-20__TSC_vs_RVFC__CORNER__t2765.00-t2783.00_portrait_POST.mp4"
"C:/Users/scott/soccer-video/out/games/2025-09-20__TSC_vs_RVFC/MASTER.mp4","042__2025-09-20__TSC_vs_RVFC__CORNER__t3992400.00-t4057200.00.mp4","TSC_vs_RVFC__CORNER","3992400","4057200","C:\Users\scott\soccer-video\out\atomic_clips\_quarantine\042__2025-09-20__TSC_vs_RVFC__CORNER__t3992400.00-t4057200.00.mp4"
"C:/Users/scott/soccer-video/out/games/2025-09-20__TSC_vs_RVFC/MASTER.mp4","043__2025-09-20__TSC_vs_RVFC__GOAL__t3010.00-t3028.00_portrait_POST.mp4","TSC_vs_RVFC__GOAL","3010","3028","C:\Users\scott\soccer-video\out\atomic_clips\2025-09-20__TSC_vs_RVFC\043__2025-09-20__TSC_vs_RVFC__GOAL__t3010.00-t3028.00_portrait_POST.mp4"
"C:/Users/scott/soccer-video/out/games/2025-09-20__TSC_vs_RVFC/MASTER.mp4","044__2025-09-20__TSC_vs_RVFC__GOAL__t3051.00-t3066.00_portrait_POST.mp4","TSC_vs_RVFC__GOAL","3051","3066","C:\Users\scott\soccer-video\out\atomic_clips\2025-09-20__TSC_vs_RVFC\044__2025-09-20__TSC_vs_RVFC__GOAL__t3051.00-t3066.00_portrait_POST.mp4"
"C:/Users/scott/soccer-video/out/games/2025-09-20__TSC_vs_RVFC/MASTER.mp4","001__2025-10-04__TSC_vs_FC_Tulsa_Black__DRIBBLING__t23220.00-t24720.00.mp4","TSC_vs_FC_Tulsa_Black__DRIBBLING","23220","24720","C:\Users\scott\soccer-video\out\atomic_clips\_quarantine\001__2025-10-04__TSC_vs_FC_Tulsa_Black__DRIBBLING__t23220.00-t24720.00.mp4"
"C:/Users/scott/soccer-video/out/games/2025-10-04__TSC_vs_FC_Tulsa_Black/MASTER.mp4","116__2025-10-04__TSC_vs_FC_Tulsa_Black__DRIBBLING__t387-t412.mp4","TSC_vs_FC_Tulsa_Black__DRIBBLING","387","412","C:\Users\scott\soccer-video\out\atomic_clips\2025-10-04__TSC_vs_FC_Tulsa_Black\116__2025-10-04__TSC_vs_FC_Tulsa_Black__DRIBBLING__t387-t412.mp4"
"C:/Users/scott/soccer-video/out/games/2025-09-20__TSC_vs_RVFC/MASTER.mp4","002__2025-10-04__TSC_vs_FC_Tulsa_Black__BUILD_UP__t25260.00-t26940.00.mp4","TSC_vs_FC_Tulsa_Black__BUILD_UP","25260","26940","C:\Users\scott\soccer-video\out\atomic_clips\_quarantine\002__2025-10-04__TSC_vs_FC_Tulsa_Black__BUILD_UP__t25260.00-t26940.00.mp4"
"C:/Users/scott/soccer-video/out/games/2025-09-20__TSC_vs_RVFC/MASTER.mp4","003__2025-10-04__TSC_vs_FC_Tulsa_Black__BUILD_UP__t27480.00-t29220.00.mp4","TSC_vs_FC_Tulsa_Black__BUILD_UP","27480","29220","C:\Users\scott\soccer-video\out\atomic_clips\_quarantine\003__2025-10-04__TSC_vs_FC_Tulsa_Black__BUILD_UP__t27480.00-t29220.00.mp4"
"C:/Users/scott/soccer-video/out/games/2025-09-20__TSC_vs_RVFC/MASTER.mp4","004__2025-10-04__TSC_vs_FC_Tulsa_Black__BUILD_UP__t29700.00-t30780.00.mp4","TSC_vs_FC_Tulsa_Black__BUILD_UP","29700","30780","C:\Users\scott\soccer-video\out\atomic_clips\_quarantine\004__2025-10-04__TSC_vs_FC_Tulsa_Black__BUILD_UP__t29700.00-t30780.00.mp4"
"C:/Users/scott/soccer-video/out/games/2025-09-20__TSC_vs_RVFC/MASTER.mp4","005__2025-10-04__TSC_vs_FC_Tulsa_Black__SHOT__t36000.00-t36420.00.mp4","TSC_vs_FC_Tulsa_Black__SHOT","36000","36420","C:\Users\scott\soccer-video\out\atomic_clips\_quarantine\005__2025-10-04__TSC_vs_FC_Tulsa_Black__SHOT__t36000.00-t36420.00.mp4"
"C:/Users/scott/soccer-video/out/games/2025-09-20__TSC_vs_RVFC/MASTER.mp4","006__2025-10-04__TSC_vs_FC_Tulsa_Black__BUILD_UP_GOAL__t40440.00-t43020.00.mp4","TSC_vs_FC_Tulsa_Black__BUILD_UP_GOAL","40440","43020","C:\Users\scott\soccer-video\out\atomic_clips\_quarantine\006__2025-10-04__TSC_vs_FC_Tulsa_Black__BUILD_UP_GOAL__t40440.00-t43020.00.mp4"
"C:/Users/scott/soccer-video/out/games/2025-09-20__TSC_vs_RVFC/MASTER.mp4","007__2025-10-04__TSC_vs_FC_Tulsa_Black__BUILD_UP_SHOT__t46020.00-t47100.00.mp4","TSC_vs_FC_Tulsa_Black__BUILD_UP_SHOT","46020","47100","C:\Users\scott\soccer-video\out\atomic_clips\_quarantine\007__2025-10-04__TSC_vs_FC_Tulsa_Black__BUILD_UP_SHOT__t46020.00-t47100.00.mp4"
"C:/Users/scott/soccer-video/out/games/2025-09-20__TSC_vs_RVFC/MASTER.mp4","008__2025-10-04__TSC_vs_FC_Tulsa_Black__BUILD_UP_SHOT__t61500.00-t62400.00.mp4","TSC_vs_FC_Tulsa_Black__BUILD_UP_SHOT","61500","62400","C:\Users\scott\soccer-video\out\atomic_clips\_quarantine\008__2025-10-04__TSC_vs_FC_Tulsa_Black__BUILD_UP_SHOT__t61500.00-t62400.00.mp4"
"C:/Users/scott/soccer-video/out/games/2025-09-20__TSC_vs_RVFC/MASTER.mp4","009__2025-10-04__TSC_vs_FC_Tulsa_Black__PRESSURE_SHOT__t62760.00-t63420.00.mp4","TSC_vs_FC_Tulsa_Black__PRESSURE_SHOT","62760","63420","C:\Users\scott\soccer-video\out\atomic_clips\_quarantine\009__2025-10-04__TSC_vs_FC_Tulsa_Black__PRESSURE_SHOT__t62760.00-t63420.00.mp4"
"C:/Users/scott/soccer-video/out/games/2025-09-20__TSC_vs_RVFC/MASTER.mp4","010__2025-10-04__TSC_vs_FC_Tulsa_Black__BUILD_UP_SHOT__t63480.00-t64800.00.mp4","TSC_vs_FC_Tulsa_Black__BUILD_UP_SHOT","63480","64800","C:\Users\scott\soccer-video\out\atomic_clips\_quarantine\010__2025-10-04__TSC_vs_FC_Tulsa_Black__BUILD_UP_SHOT__t63480.00-t64800.00.mp4"
"C:/Users/scott/soccer-video/out/games/2025-09-20__TSC_vs_RVFC/MASTER.mp4","011__2025-10-04__TSC_vs_FC_Tulsa_Black__BUILD_UP_SHOT__t71880.00-t73320.00.mp4","TSC_vs_FC_Tulsa_Black__BUILD_UP_SHOT","71880","73320","C:\Users\scott\soccer-video\out\atomic_clips\_quarantine\011__2025-10-04__TSC_vs_FC_Tulsa_Black__BUILD_UP_SHOT__t71880.00-t73320.00.mp4"
"C:/Users/scott/soccer-video/out/games/2025-09-20__TSC_vs_RVFC/MASTER.mp4","012__2025-10-04__TSC_vs_FC_Tulsa_Black__PRESSURE_GOAL__t74340.00-t75180.00.mp4","TSC_vs_FC_Tulsa_Black__PRESSURE_GOAL","74340","75180","C:\Users\scott\soccer-video\out\atomic_clips\_quarantine\012__2025-10-04__TSC_vs_FC_Tulsa_Black__PRESSURE_GOAL__t74340.00-t75180.00.mp4"
"C:/Users/scott/soccer-video/out/games/2025-09-20__TSC_vs_RVFC/MASTER.mp4","013__2025-10-04__TSC_vs_FC_Tulsa_Black__BUILD_UP_PLAY__t77400.00-t78360.00.mp4","TSC_vs_FC_Tulsa_Black__BUILD_UP_PLAY","77400","78360","C:\Users\scott\soccer-video\out\atomic_clips\_quarantine\013__2025-10-04__TSC_vs_FC_Tulsa_Black__BUILD_UP_PLAY__t77400.00-t78360.00.mp4"
"C:/Users/scott/soccer-video/out/games/2025-09-20__TSC_vs_RVFC/MASTER.mp4","014__2025-10-04__TSC_vs_FC_Tulsa_Black__SHOT__t2354400.00-t2394000.00.mp4","TSC_vs_FC_Tulsa_Black__SHOT","2354400","2394000","C:\Users\scott\soccer-video\out\atomic_clips\_quarantine\014__2025-10-04__TSC_vs_FC_Tulsa_Black__SHOT__t2354400.00-t2394000.00.mp4"
